Organization,Website,Status
"""PURE' ( parents united for responsible education)",https://www.resist.org/grantees/parents-united-for-responsible-education-pure,live
100 Black Men of Chicago,https://www.100bmc.org/about/,live
16th Ward Org,https://www.16thward.org/,live
17th District Advisory Committee,http://www.nonprofitfacts.com/IL/017th-District-Advisory-Committee.html,live
19th District Youth Net,https://www.dandb.com/businessdirectory/19thdistrictyouthnet-chicago-il-9751681.html,live
21st Century Community Learning Center,https://www.bti21stcclc.org/,live
2nd Ward Democratic Organization,https://www.2ndwarddems.com/about-the-2nd-ward,live
4H Cooperative Extension Service,https://extension.umaine.edu/4h/,live
4th Police District YouthNet,,not found
4th Presbtyterian Church - Partners In Education,https://www.fourthchurch.org/,live
4th Presbyterian Church Chicago Lights Tutoring Program = Partners in Education,https://chicagolights.org/about-us/,live
5A Multimedia & Holdings,,not found
826 CHI,https://depaul.digication.com/826chi_a_nonprofit_writing_tutoring_center/Welcome,live
850 Eastwood Tenants Association,,not found
A Blessed Child LLC,https://ablessedchildllc.org/,live
A Social Workers Blog,https://socialworkdogooder.wordpress.com/,live
AAAS Science Linkages in the Community,https://www.nhl.com/info/teams/,live
AAIIA,https://aaiil.org/Pages/?ContentId=14,live
AAIME,https://www.aaime-ed.org/,live
AAINE,https://www.shazam.com/song/1733363216/aaine,live
"AAUW-IL, Gender Equity Fund",https://www.nonprofitlist.org/IL/Glen_Ellyn.html,live
ACE Premier Counseling Services,,not found
ACE Technical Charter High School,https://www.publicschoolreview.com/ace-technical-charter-high-school-profile/60609,live
ACT Charter School GEAR UP,https://www.alanjackson.com/welcome,live
AIM,https://aiming.pro/,live
AIMS Mentor Program,https://web.archive.org/web/20160130061007/www.penya-africa.com/artist/sautisol/,archived
AJO & Associates,https://ajoassociates.com/,live
AON,https://www.aon.com/en/,live
AR Walker Consulting,https://web.archive.org/web/20160509041924/www.comiclist.com/index.php/news/new-shaft-series-and-shaft-s-revenge-novel-to-be-released-february-2016,archived
ARC,https://arcprize.org/guide,live
ARK of St Sabina 6th District Youth Net,https://mgoblue.com/,live
ASN Preparatory Institute,https://asnprep.org/,unverified
ASPIRA Inc. of Illinois,https://www.incschools.org/network/aspira-2/,live
Abbott,https://www.abbott.com/,live
Abbott Foundation,https://clara.abbott.com/,live
Abilitylinks org,https://abilitylinks.org/,live
Abraham Lincoln Center,https://department.va.gov/history/100-objects/object-30-lincolns-second-inaugural-address/,live
Academic Development Institute,https://web.archive.org/web/20211207212534/https:/bdsmovement.net/academic-boycott,archived
Academy for Urban School Leadership,https://www.auslchicago.org/who-we-are/,live
Academy of St Benedict the African,https://www.academystbenedict.org/faculty-staff,live
Access 2000,https://www.access2000inc.com/contact-us/,live
Access Living,https://www.accesslivingaustralia.com.au/,live
Access to Opportunity,https://www.lewis.ucla.edu/research/access-to-opportunities-primer/,live
Action for Children,https://parents.actionforchildren.org.uk/,live
Ada S McKinley,https://www.adasmckinley.org/,live
Ada S McKinley Educational Services,https://www.adasmckinley.org/events/,live
Ada S. McKinley Educational Services,https://www.adasmckinley.org/eligibility-criteria/,live
Adler School of Professional Psychology,https://www.adler.edu/,live
Adopt A School Program Peoria Public Schools,http://web.archive.org/web/20061231031333/ws2005.wikisym.org/space/WikiVanning,archived
Adoptions Unlimited,https://www.adoptionsunlimited.org/adoption-services,live
"Adoptions Unlimited, Inc. Family Connections Project",https://mgoblue.com/,live
Advanced Behavioral Care,https://www.advancedbehavioralcare.org/,live
Advocacy & Resource Corporation,https://web.archive.org/web/20160805003338/www.semi.org/en/semi-award-north-america-1,archived
"Advocacy & Resource Corporation, Cookville, TN",,not found
After School Action Network,https://mgoblue.com/,live
After School Action Programs,https://www.volunteermatch.org/search/org10853.jsp,live
After School Action Programs Girl World,https://www.girlsbestfriend.org/documents/HGHWToolkit.pdf,live
After School Matters,https://afterschoolmatters.org/,live
Agape Center,https://www.agapelyh.org/,live
Agape Community Center,https://www.pamlicoacc.org/,live
Agape Network,https://theagapenetwork.org/,live
Agape Youth Center Victory Club,https://www.chicagoresourcehub.com/wp-content/uploads/2016/03/chicago-neighborhood-resource-directory.pdf,live
"Agape Youth Center, Victory Club",https://mgoblue.com/,live
Agassiz Elementary School,https://lakeagassiz.gfschools.org/,live
Akoma Educational Services,https://www.bizapedia.com/mi/akoma-educational-services-and-consulting-llc.html,live
Akouo,https://akouo.co/services,live
"Akouo, Inc.",https://scholar.google.com/citations?user=IrehveEAAAAJ&hl=en,live
Albany Park Community Center,https://www.every.org/apccchgo,live
Albert Einstein Medical Center,https://programs.adea.org/PASS/programs/albert-einstein-medical-center-endodontics,live
Albert J Speh Jr & Claire R Speh Foundation,https://speh.org/about/,live
"Alberta Mentor Foundation for Youth (Calgary, CA)",,not found
Alcott School,https://www.alcottschool.org/blank,live
"Alexandria, IN. Community School Corporation",https://web.archive.org/web/20100218104116/blogs.bu.edu/cultureshock,archived
Alinea LLC,https://alineapr.com/,live
All Nations Youth Outreach Program,https://web.archive.org/web/20231202182612/sundance.org/blogs/news/2012-sundance-film-festival-awards/,archived
Allegany Office for Children Youth & Families,https://mgoblue.com/,live
Alliance for Community Empowerment The Edge,,not found
Alliance for Community Peace - A Unique After School Program,https://web.archive.org/web/20180921192432/http://allianceforcommunity.org:80/,archived
Alliance for Community Peace A Unique After School Program,,not found
Alliance for Community Peace Near North Ministry Alliance,https://web.archive.org/web/20180921192432/http://allianceforcommunity.org:80/,archived
Alpha Temple M B Church B E S T Program,https://www.alpha.org/,live
Alternative Schools,https://www.stjohns.k12.fl.us/schools/level/alt/,live
Alternative Schools Network,https://www.thinkincstrategy.com/clients-work-samples/alternative-schools-network/,live
Alternative Schools Network Bronzeville Alternative High,,not found
Alternative Schools Network Preparatory Institute,https://mgoblue.com/,live
Alternative Schools Network Project New Futures,https://mgoblue.com/,live
Alternative Systems Teen R E A C H,http://web.archive.org/web/20040518200804/www.ascg.org/journal/11Spg00/Reid.html,archived
Alternatives,https://www.saashub.com/official-alternatives,live
Alternatives Inc.,https://www.alternativesinc.org/,live
Alternatives Inc. -  Senn YouthNet Sister Soldiers,,not found
"Alternatives, INC.",https://www.alternativesinc.org/,live
"Alternatives, Inc",https://www.alternativesinc.org/,live
"Alternatives, Inc.",https://www.alternativesinc.org/,live
"Alternitives, Inc. - Seen  Youth Net",https://alternativesyouth.org/,live
Alton Consolidated School District,,not found
AmeriCorps,https://www.americorps.gov/,live
AmeriCorps National Service,https://americorps.gov/,live
AmeriCorps of McHenry County,https://my.americorps.gov/mp/listing/viewListing.do?id=33950,live
America Learns,https://americalearns.net/index.cfm?event=page.sessionwarning,live
AmericaEnEspanol com,https://www.allbiz.com/business/americaenespanol-com-312-513-8441,unverified
American Educare,https://www.tiktok.com/@britishamericaned,live
American Express Tax and Business,https://www.aurigininc.com/c/American-Express-Tax-and-Business-Services-Inc/United-States-of-America/m2euk,live
American Friends Services,https://archive.org/stream/AmericanFriendsServiceCommittee/American+Friends+Service+Committee+02_djvu.txt,live
American Indian Center,https://aicchicago.org/,live
American Indian Health Services,https://www.ihs.gov/Urban/urban-indian-organizations/california/,live
American Intercontinental University,https://web.archive.org/web/20110902121519/http://www.la.aiuniv.edu/,archived
American National Bank & Trust Co of Chicago,https://discovery.patsnap.com/company/american-national-bank/,live
American Statistical Association,https://www.eia.gov/calendar/asa/040908.doc,live
Americas Promise: The Alliance For Youth,https://www.gatesfoundation.org/about/committed-grants/2007/05/opp48357,live
Ameritech,https://www3.ameritechenergy.com/,live
Anixter Center,https://anixter.org/,live
Annointed Word,https://www.anointedwordlc.org/,live
Answers for Special Kids,https://helpmegrowwa.org/resource/ask-rack-card-answer-for-special-kids,live
Ante Up Charitable Games,,not found
"Anti-Defamation League, A World of Difference",https://prezi.com/tgexb2tlmdfu/the-anti-defamation-league/,live
Apostolic Pentecostal Church of Morgan Park,https://www.apcmorganpark.org/,live
Appleton Area School District,https://www.aasd.k12.wi.us/,live
Applied Scholastic,https://www.able.org/our-programs/applied-scholastics/,live
"Archdiocese of Chicago, Family Ministries",https://www.holyfamilyparish.org/responding-to-domestic-violence-in-our-community/,live
Area Education Agency 13,https://www.kurzweiledu.com/files/Profile_Sheet_Rachow_Roger.pdf,live
Area Neighborhood Block Clubs,https://www.bizapedia.com/il/area-neighborhood-block-clubs.html,live
Ariel Education,https://www.arieleducationinitiative.org/,live
Ariel Education Initiative,https://www.arieleducationinitiative.org/,live
"Ariel Education Initiative, Afterschool Program",https://www.arieleducationinitiative.org/about,live
Ariel Foundation,https://www.ariel-foundation.org/,live
Ariel Foundation “I Have a Dream” Mentoring Program,,not found
Arizonans for Children,https://arizonansforchildren.org/programs/,live
Ark Productions,https://ark-productions.com/,live
Ark of St Sabina,,not found
Arts Partners,https://artspartners.net/,live
Ashburns Direct Action,http://web.archive.org/web/19980207043332/crash.ihug.co.nz/complete.html,archived
Ashburns Direct Action Coalition-Youth Initiative,,not found
Asian Human Services Americorps PASS Tutoring,,not found
Asian Human Services SAFE Mentoring Program,https://mgoblue.com/,live
"Aspira, Inc. of Illinois",https://www.incschools.org/network/aspira-2/,live
Aspirations of Life,https://aspirationsoflife.site123.me/the-founder/the-founder,live
Associated Colleges of Illinois,https://acifund.org/,live
Association House,https://www.associationhouse.org/hs-forms-landing-page,live
Association House of Chicago,https://www.associationhouse.org/,live
Association for Better Living (A B L E ),https://web.archive.org/web/20171113160058/https:/publications.mi.byu.edu/fullscreen/?pub=1107&index=26,archived
Athletes Committed to Educating Students (A.C.E.S),https://www.volunteermatch.org/search/org7016.jsp,live
Athletes in Business for Kids,https://web.archive.org/web/20141003104113/https:/www.nytimes.com/2014/09/28/fashion/arianna-huffington-kobe-bryant-meditate.html,archived
Attorney at Law,https://www.attorneyatlaw.com/,live
Aunt Marthas Youth Service Center,https://www.auntmarthas.org/,live
Aurora Quad County Urban League Teamtech Team Quality of Life,https://www.qcul.org/,live
Aurora University,https://online.aurora.edu/about/online-student-experience/,live
Austin Messiah Lutheran Church (Vision Chicago World Vision),,not found
Austin Peoples Action Center,https://linktr.ee/apaccenter.org,live
Austin YMCA,https://www.austinymca.org/,live
B.E. S. T. Temple Adult Education Program,http://web.archive.org/web/20061212165625/www.nisbco.org/biblio_A-H.htm,archived
B.O.S.S. - EXCEL,https://web.archive.org/web/20150314044423/wanderingbarque.com/nonintersecting/2006/11/15/the-s-stands-for-simple/,archived
B.O.S.S. EXCEL,https://excel.cloud.microsoft/en-us/,live
B.U.I.L.D,https://fl-homestead.civicplus.com/35/How-Do-I,live
B.U.I.L.D. Inc.,http://web.archive.org/web/19981205013915/www.sgi.net/bluestraveler/,archived
BAC Partners,https://www.bacpartners.com/,live
BBCC Pad,,not found
"BUILD, Inc.",https://me.muz.li/wavespaceagency/build-inc-ai-website-builder-platform-2,live
Ball State University,https://ballstatesports.com/sports/womens-volleyball/schedule/2014,live
Band Digital,https://www.amazon.com/dot-Band-Digital-Business-Wristband/dp/B0CP9XWZLQ,live
Banner Academy West,https://schoolreports.cps.edu/EFMP/EFMP_BANNER-ACADEMY-WEST-HS_610555.pdf,live
Banner Learning Corp,https://www.idealist.org/en/nonprofit/0ca46de6e7804564a020eaa9d687118e-banner-learning-corp-boca-raton,live
Barnes Jewish Hospital Volunteer and Service Resources,,not found
Be True Be U Girls Movement,https://mgoblue.com/,live
Becoming We the People,https://www.idealist.org/en/nonprofit/ec3f263a3d2143c799257ce2a42021d5-becoming-we-the-people-chicago,live
Beethoven Elementary School,https://www.bostonpublicschools.org/Page/774,live
Bell Campaign,https://sfgd.org/bell/,live
Beloved Community Family Services,https://www.idealist.org/en/nonprofit/518bd3ca245f4bdf9fc54488d1a231c2-beloved-community-family-services-chicago,live
Berea College,https://www.berea.edu/,live
Berrien County Trial Court Youth Service Bureau,https://mgoblue.com/,live
Berwyn Public Library,https://berwynlibrary.org/,live
Best Friends Mentoring,https://www.idealist.org/en/nonprofit/3e79c5ecd73b4d66aa05f274de3e41ee-best-friends-mentoring-dickinson,live
Best Practice High School,https://www.publicschoolreview.com/best-practice-high-school-profile,live
Best Practice Training and Consulting Services,https://mgoblue.com/,live
Beth Israel Medical Center Training Department,https://mgoblue.com/,live
Bethany Brethern Community Center,,not found
Bethel New Life,https://bethelnewlifecollege.org/,live
Better Boys Foundation,https://www.macfound.org/grantee/better-boys-foundation-600/,live
Better Decisions,https://countrylowdown.com/2026/03/31/better-decisions-celebrates-40th-anniversary-with-strategic-nashville-community-event/,live
Beulah A G Smith Scholarship Foundation,https://www.aidschicago.org/resources/legacy/pdf/advocacy/district+14+fact+sheet+2013.pdf,unverified
Beyond Expectations,https://www.booking.com/hotel/us/a-little-bit-of-country-by-beyond-expectations.en-gb.html,live
Beyond Sports,https://www.beyondsportstours.com/blog,live
Bhakti Yoga Society NFP,https://greatnonprofits.org/org/bhakti-yoga-society-nfp,live
Big Brothers Big Sisters,https://bigstri.org/,live
Big Brothers Big Sisters Metro Chicago,https://bbbschgo.org/event/giving-tuesday-2019/,live
Big Brothers Big Sisters of America,https://www.bbbs.org/get-involved/become-a-big/,live
"Big Brothers Big Sisters of Berks County, PA - Smart Program",,not found
Big Brothers Big Sisters of Central Indiana,https://www.bebigforkids.org/,live
Big Brothers Big Sisters of Iowa,https://www.bbbsia.org/,live
Big Brothers Big Sisters of Metro Chicago,https://www.eventbrite.com/o/big-brothers-big-sisters-of-metro-chicago-30239213070,live
Big Brothers Big Sisters of Metropolitan Chicago,https://bbbschgo.org/,live
Big Brothers Big Sisters of Mid Illinois,https://www.findglocal.com/US/Charleston/191095660927545/Mid-Illinois-Big-Brothers-Big-Sisters,live
Big Brothers Big Sisters of Missippi Valley,https://www.bbbsmv.org/beabig/,live
Big Brothers Big Sisters of Muscatine County,https://www.muscatiney.org/about-us/,live
Big Brothers Big Sisters of the Siouxland,https://bigbrothersbigsisters.com/child-enrollment-form/,live
Big Brothers and Big Sisters of Metro Chicago,https://bbbschgo.org/,live
Big Brothers and Big Sisters of Metropolitan Chicago,https://abc7chicago.com/post/big-brothers-big-sisters-program-in-desperate-need-of-mentors-/2782205/,live
"Big Brothers, Big Sisters of Lake County",https://www.slideshare.net/slideshow/big-brothers-big-sisters-helping-young-children-since-1904/62427385,live
"Big Brothers, Big Sisters of Metropolitan Chicago",https://bbbschgo.org/,live
"Big Brothers, Big Sisters of Northwest Illinois",https://spaday.fhn.org/docs/Insight_V5_5_2014.pdf,unverified
"Big Brothers, Big Sisters of Rock Walworth & Jefferson Counties WI",,not found
"Big Brothers, Big Sisters of the Mississippi Valley",https://www.bbbsmv.org/,live
Big Brothers/Big Sisters  of Metropolitan Chicago,https://bbbschgo.org/,live
Big Brothers/Big Sisters of McHenry County,https://bbbsmchenry.org/,live
Big Brothers/Big Sisters of Metropolitan Chicago,https://bbbschgo.org/about/,live
Big Brothers/Big Sisters of Metropolitan Chicago - Chicago Mentoring Institute,https://web.archive.org/web/20070626214753/http://www.bigbrothersbigsister.org:80/,archived
"Big Brothers/Big Sisters of Metropolitan Chicago, Inc.",https://web.archive.org/web/20070626214753/http://www.bigbrothersbigsister.org:80/,archived
Big Brothers/Big Sisters of Will & Grundy Counties,https://bbbswillgrundy.org/,live
Big Picture High School,https://welte.ffc8.org/,live
Black Data Processing Associates,https://acronyms.thefreedictionary.com/Black+Data+Processing+Associates,live
Black Star Project,https://www.blackstarproject.org/2021/blog-post-title-one-r9rcr-ejjw4-54mwt-mrmcc-3zzpn-7wpt9,live
Black United Fund of Illinois,https://bufi.org/,live
Black Youth in Action,https://www.gbymca.org/programs/youth-and-adult-classes/black-youth-in-action/,live
Blaine School,https://www.blainesd.org/page/about-the-district,live
Blessed Sacrament Youth Center Summit Tutoring Program,https://beard.cps.edu/31720/Resources+by+neighborhood.pdf,unverified
Blue Gargoyle,https://bgchicago.org/about/,live
Bluhm Legal Clinic Northwestern University Law School Children and Family Justice Center,https://snu.edu.in/,live
Bold Agenda,https://www.theboldagenda.org/,live
Book Worm Angels,https://www.idealist.org/en/nonprofit/a625609fd62e4280bfbcac66c5acfae8-book-worm-angels-chicago,live
Bounce for Joy Project Mentor Department,https://mgoblue.com/,live
Boys 2 Men,https://www.boys2menyouthmentoring.com/,live
Boys Hope Girls Hope,https://hopeignitesneworleans.org/,live
Boys Hope/Girls Hope,https://hopeignites.org/about/,live
Boys and Girls Club of Chicago,https://bgcc.org/pressroom/,live
Boys and Girls Club of Schenectady,https://afterschoolprograms.us/program-646949-Boys_and_Girls_Club_of_Schenectady_@_Steinmetz_Homes.html,live
Boys and Girls Clubs of Chicago,https://www.mchap.co/mchap-2024-projects/boys-and-girls-clubs-of-chicago-rusu-mccartin-club,live
Boys and Girls Clubs of Chicago - Valentine Club After School Tutoring,,not found
Boys to Men Mentorship Program Donald Peterson Foundation,,not found
Brain Booster After School,https://draugies.wordpress.com/2013/03/28/crosby-water-procession/,live
Brain Boosters,https://www.consumerhealthdigest.com/brain-health/best-brain-supplements.html,live
Brain Hurricane,https://www.brainhurricane.com/,live
Braininsights,https://www.pinterest.com/braininsights/,live
Breakthrough Urban Ministries,https://www.vcbweb.org/breakthrough-urban-ministries,live
Bremen Youth Services,https://www.opencounseling.com/united-states/oak-forest/counseling-agency/bremen-youth-services,live
Bridges to the Future Wells Community High School,http://web.archive.org/web/20100418194227/meta.stackexchange.com/questions/5534/proposal-for-mathematics-se,archived
Brookfield Zoo,https://www.brookfieldzoo.org/visit,live
Building Leaders,https://www.dpgr.org/building-leaders-building-community,live
Bureau of Public Safety,https://www.dps.texas.gov/,live
Burnham School,https://sbschool.org/,live
Butterfly Coaching,https://www.butterflycoaching.co/why-jerome-for-life-coaching.html,live
C.A.U.S.E.S.,https://prezi.com/lt8w5gh2j-wz/abnormal-behaviour/,live
C.Y.C.L.E.,https://cyleyoung.com/,live
CAAELII Adult Education,,not found
CAPS Community Organiution,,not found
CC-T/MC,http://cabrinifundraising.blogspot.com/,live
CDW Wharehouse,https://www.cdw.com/,live
CEP Youth Leadership,http://www.rainbie.com/hauntedmanorcepyl/,live
CHA Residents Who Care,https://www.pacermonitor.com/public/filings/DPVWVPFQ/The_Bon-Ton_Stores_Inc__debke-18-10248__0021.0.pdf,live
CLUSTER Tutoring Program/Learning Edge Tutoring,,not found
CMHC Research Division,https://www.aivc.org/sites/default/files/members_area/medias/pdf/Conf/1989/Fugler.pdf,live
CNA Insurance Companies,https://www.merritthallins.com/links/,live
CNY Enterprises,https://ttoday.net/goldengatebridal-cny.com,live
CPS Educational Support for Students in Temp Living Situations,,not found
CYCLE,https://www.sscycle.com/,live
"Cabrini Connectgions, Tutor/Mentor Connection",,not found
Cabrini Connections,https://www.villanova.edu/university/alumni/connect/cabrini-alumni-and-friends.html,live
"Cabrini Connections , Tutor/Mentor Connection",https://tutormentorconnection.ning.com/profiles/blogs/list/tag/blog,live
Cabrini Connections - Kids’ Connection,https://tutormentor.blogspot.com/2022/09/tutormentor-connection-vision-2001.html,live
"Cabrini Connections, Kid's Connection",https://www.nytimes.com/games/connections,live
"Cabrini Connections, Tutor/Mentor Connection",https://tutormentorconnection.ning.com/profiles/blogs/list/tag/blog,live
Cabrini Connections- Tutor/Mentor Connection,https://tutormentorconnection.ning.com/profiles/blogs/list/tag/blog,live
Cabrini Connections-Tutor/Mentor Connection,https://tutormentorconnection.ning.com/profiles/blogs/list/tag/blog,live
Cabrini Green Tutoring Program / Tutoring Chicago,https://cloztalk.com/collections/tutoring-chicago,live
"Cabrini Green Tutoring Program, Inc",https://www.idealist.org/en/nonprofit/2c29061ed29747ccaa80169329faf0cf-cabrini-green-tutoring-program-inc-chicago,live
"Cabrini Green Tutoring Program, Inc. - Tutoring Chicago",https://mgoblue.com/,live
"Cabrini Green Tutoring Program, Inc., - Tutoring Chicago",https://mgoblue.com/,live
"Cabrini Green Tutoring Program, Inc., / Tutoring Chicago",,not found
"Cabrini Green Tutoring Program, Inc., CGTP, Inc",https://web.archive.org/web/20000129032945/http://www.cabrinigreentutoring.org:80/,archived
Cabrini Green Youth Program,https://pmc.ncbi.nlm.nih.gov/articles/PMC8962150/,live
"Cabrini-Green Tutoring Program, Inc. - Tutoring Chicago",https://mgoblue.com/,live
Cabrini-Green Youth and Family Services,https://www.greenprofiles.org/cabrini-green-extention-resident,live
Calhoun School,https://www.calhoun.org/,live
Calumet Park Boxing Club,https://web.archive.org/web/20220801141926/https:/www.tester.senate.gov/public-schedule/,archived
Calvary Covenant Church,https://www.calvaryccchicago.org/about,live
Cambodian Association,https://cambodianassociation.org/about,live
Cambodian Association of Illinois,https://cambodianassociation.org/,live
Camelot Kids,https://camelotkids.com/,live
Camp of Dreams,https://chicagoland.m14hoops.com/camps-clinics/summer/camp-of-dreams/,live
Campaign to Expand Community Schools,https://files.eric.ed.gov/fulltext/ED491689.pdf,live
CareerWorks,https://www.able2work.org/careerworks/,live
Caring World Institute,https://www.bizapedia.com/il/the-caring-world-institute.html,live
Carl Sandburg College,https://applications.sandburg.edu/apply/,live
Carole Robertson Center,https://www.carolerobertsoncenter.org/,live
Carole Robertson Center for Learning,https://www.carolerobertsoncenter.org/about-us-old/careers/,live
Carries Career Mentoring,https://www.carrier.com/us/en/careers/,live
Casa Aztlan,https://www.casaaztlan.org/,live
Casa Central Youth Services,https://mgoblue.com/,live
Casa Juan Diego Youth Center,https://www.telephonedirectories.us/Business/Youth_Organizations/IL,live
Catalyst,https://www.amd.com/en/resources/support-articles/release-notes/RN-RAD-WIN-15-7-1.html,live
Cathedral Shelter of Chicago,https://www.affordablerehabs.com/listings/cathedral-shelter-of-chicago-adult-outpatient-program/,live
Catholic Charities,https://ccaosa.org/,live
Catholic Charities Youth Services,https://www.catholiccharities.net/,live
Cedar Rapids Community School District,https://crschools.us/,live
Center For Intergrative Learning,https://journals.iugaza.edu.ps/index.php/IUGJEPS/article/download/6009/3239,live
Center Theater,https://www.lct.org/,live
Center for Family Services,https://www.centerffs.org/early-learning,live
Center for Impact Research (CIR),https://www.macfound.org/grantee/center-for-impact-research-232/,live
Center for Literacy,https://www.nonprofitlist.org/det/60557_center-for-literacy,live
Center for Urban School Improvement,https://www.macfound.org/press/press-releases/5-million-grant-awarded-to-the-university-of-chicagos-center-for-urban-school-reform,live
Centers for New Horizons,https://civicengagement.uchicago.edu/partners/centers-for-new-horizons,live
Centers for Youth Development - Agape Community Center,http://web.archive.org/web/20040518200804/www.ascg.org/journal/11Spg00/Reid.html,archived
"Centers for Youth Development, Agape Community Center",https://www.mightycause.com/organization/Agape-Community-Center,live
"Centers for Youth Development, Agape Community Center  Say Yes!",http://web.archive.org/web/20040518200804/www.ascg.org/journal/11Spg00/Reid.html,archived
Central Baptist Childrens Home,https://www.ojp.gov/pdffiles1/Digitization/64424NCJRS.pdf,live
Central Baptist Family Services INTACT,http://web.archive.org/web/20041010035310/www.arts.monash.edu.au/ncas/multimedia/gazetteer/list/melbournecity.html,archived
Central District Organizing Project - Anansis Web,https://anansis-web.com/,live
Central Illinois Light Company,https://scripophily.net/central-illinois-light-company/,live
Central States SER - Youth Programs,,not found
Central States SER Jobs for Progress,https://centralstatesser.org/,live
Centrax Corporation,https://www.bloomberg.com/profile/company/0564632D:US,unverified
Centro Comunitario Juan Diego,http://ccjuandiego.org/,live
Centro Romero Youth Learning Program,,not found
Certified Public Accountant,https://www.accounting.com/certifications/certified-public-accountant/,live
Champaign County Regional Planning,https://data.ccrpc.org/,live
"Champaign Countys Promise, Mentor Network",,not found
Champaign Unit 4 Public Schools,https://programsnotjails.com/racial-disparity-in-champaign-county/,live
Champaign Urbana School,https://mcb.illinois.edu/academics/phd-programs/living-champaign-urbana,live
Changing Childrens Worlds Foundation,https://www.symposium2018.changingchildrensworlds.org/,live
Changing Oasis,https://www.changingoasis.org/,live
Channing School,https://www.channing.co.uk/,live
Chapin Hall Center for Children at University of Chicago,https://www.mcgill.ca/crcf/files/crcf/Roundtable-PlacementofInfantsinFosterCare.pdf,live
Chapman & Cutter,https://www.chapman.com/,live
Charles A Hayes Family Investment Center,https://www.thecha.org/charles-hayes-center-fic,live
Chase,https://www.chase.com/,live
"Chase Bank, Illinois College Access Network",,not found
Chicago Access,https://www.amazon.com/Access-Chicago-5e-5th-ed/dp/0062772619,live
Chicago Access CAN TV,https://archive.org/stream/independent15foun/independent15foun_djvu.txt,live
Chicago Access Corporation,https://www.idealist.org/en/nonprofit/379ac3525e5240518daf95065f281b0f-chicago-access-corp-can-tv-chicago,live
Chicago Access Network Television (CAN-TV),https://archive.org/details/cantv?sort=creatorSorter,live
Chicago Alliance for Neighborhood Safety,https://app.candid.org/profile/7484421,live
Chicago Architecture Foundation,https://www.pinterest.com/cathybarker39/chicago-architecture-foundation/,live
Chicago Area Alternative Education League,https://acronyms.thefreedictionary.com/Chicago+Area+Alternative+Education+League,live
Chicago Area Project,https://www.chicagoareaproject.org/,live
Chicago Association,https://chicagorealtor.com/the-77-tour-of-chicagos-neighborhoods/,live
Chicago Bar Foundation,https://www.hinchilla.com/funders-us/366109584-chicago-bar-foundation,live
"Chicago Bar Foundation, Lawyers Lend A Hand Program",,not found
Chicago Bar Foundation/Lawyers Lend A Hand Program,https://web.archive.org/web/20031118173308/http://chicagobarfoundation.com:80/,archived
Chicago Board of Education,https://chicagoschoolboard.org/meetings/details/next-meeting,live
"Chicago Board of Education, Office of the Executive",https://web.archive.org/web/20200922231225/metrarail.com/about-metra/newsroom/the-signal/metra-powerhouse-f40c,archived
Chicago Botanic Garden,https://chicagobotanic.com/,live
Chicago Cares,https://www.developmentaid.org/organizations/view/355423/chicago-cares,live
"Chicago Cares , OnGoing Education Programs",https://lian-li.com/product/edge-gold/,live
Chicago Child Care Society,https://www.daycarecenterssite.com/Chicago-IL/Chicago-Child-Care-Society.html,live
Chicago Christian Industrial League,https://www.idealist.org/en/nonprofit/3123084aca794ed8911293820d124d6a-chicago-christian-industrial-league-chicago,live
Chicago Committee,https://chicagocommittee.org/programs/,live
Chicago Commons,https://www.chicagocommons.org/we-have-a-new-look/,live
Chicago Commons – Emerson House Mentoring,,not found
Chicago Commons/Mary McDowell,https://coprosperity.org/chicago,live
Chicago Connections Heartland Alliance,https://www.aquaphorus.com/,live
Chicago Department of Children and Youth Services,https://web.archive.org/web/20080420154202/www.beyondmarriage.org/signatories.html,archived
Chicago Department of Human Services,https://foursquare.com/v/department-of-human-services/4c001047daf9c9b67e34fbef,live
Chicago Department of Human Services - Chicago For Youth,https://web.archive.org/web/20080420154202/www.beyondmarriage.org/signatories.html,archived
Chicago Department of Public Health,https://www.chicago.gov/city/en/depts/cdph.html,live
Chicago Department on Aging,https://www.luc.edu/psychology/undergraduate/internshipinpsychology/psyc390previousinternshipsites/,live
Chicago Filmmakers,https://chicagofilmmakers.org/,live
Chicago Fire Department Personnel Division,https://fabf.org/Members/Annuitants,live
Chicago Foundation for Education,https://causes.benevity.org/causes/840-363429023,live
"Chicago HOPES, Chicago Public Schools",http://tabwest.blogspot.com/,live
Chicago Health & Medical Careers Program (CHAMPS),,not found
Chicago Hope,https://www.remindmagazine.com/article/29232/chicago-hope-fun-facts-anniversary/v1.0.0/device-load/,live
Chicago Hope Academy,https://schools.snap.app/chicagohopeacademy,live
Chicago House and Social Service Agency,https://www.chicagohouse.org/,live
Chicago Housing Authority,https://en-academic.com/dic.nsf/enwiki/5093458,live
Chicago Housing Authority -  Child Care,https://www.directionus.com/il/chicago/chicago-housing-authority-child-care-services-robert-taylor-heads,live
Chicago Industrial Technology Foundation,https://lian-li.com/product/edge-gold/,live
Chicago International Charter School,https://www.chicagointl.org/,live
Chicago Lawndale Amachi Mentoring Program,https://chicagolamp.org/,live
Chicago Lawyers Committee for Civil Rights Under Law,https://www.influencewatch.org/non-profit/chicago-lawyers-committee-for-civil-rights-under-law/,live
Chicago Lights Tutoring and Scholarship Program at Fourth Presbyterian Church,https://www.timeout.com/chicago/things-to-do/any-holiday-volunteers,live
Chicago MOST,https://10best.usatoday.com/travel/best-romantic-things-to-do-chicago-il/,live
Chicago Park District,https://www.chicagoparkdistrict.com/parks-facilities/promontory-point,live
Chicago Police Department,https://www.worldatlas.com/articles/the-largest-police-departments-in-the-us.html,live
Chicago Police Department CAPS Program,https://abc7chicago.com/post/stop-the-violence-chicago-youth-programs-resources/3894299/,live
Chicago Public Library,https://www.chipublib.org/blogs/post/when-the-world-came-to-chicago/,live
Chicago Public Radio,https://current.org/2007/03/its-public-radio-but-with-nearly-everything-different-including-the-name/,live
"Chicago Public School, Middle School Coordinator",https://www.dol.gov/agencies/osec,live
Chicago Public Schools,https://www.chalkbeat.org/chicago/2026/01/22/chicago-public-schools-closed-amid-cold/,live
Chicago Public Schools -  Office of Communications,https://www.cps.edu/about/departments/office-of-communications/,live
"Chicago Public Schools - 10,000 Tutors Initiative",,not found
Chicago Public Schools - Chicago HOPES,https://www.chalkbeat.org/chicago/2021/11/30/22810683/chicago-public-schools-covid-quarantine-test-to-stay-opt-in/,live
Chicago Public Schools - Department of Pupil Support Mentor Connection Program,http://web.archive.org/web/20061231031333/ws2005.wikisym.org/space/WikiVanning,archived
Chicago Public Schools - Homeless Education Program,https://www.chapinhall.org/wp-content/uploads/Homeless_report_2008_Dworsky.pdf,live
Chicago Public Schools - Interfaith Initiative,https://obamawhitehouse.archives.gov/realitycheck/blog/2011/11/10/regional-town-hall-meetings-focus-engaging-men-ending-violence-against-women,live
Chicago Public Schools - Office of Extended Learning Opportunities,https://netanational.org/links.html,live
Chicago Public Schools - Regional Tutoring Facilitation,https://www.dol.gov/agencies/osec,live
Chicago Public Schools - School Counseling Services Department of Pupil Support Mentor Connection Program,,not found
Chicago Public Schools - School Partners Program,https://web.archive.org/web/20220801141926/https:/www.tester.senate.gov/public-schedule/,archived
Chicago Public Schools Homeless Education Program,https://www.cps.edu/sites/cps-policy-rules/policies/700/702/702-5/,live
Chicago Public Schools Middle School Coordinator,https://web.archive.org/web/20220801141926/https:/www.tester.senate.gov/public-schedule/,archived
Chicago Public Schools Tutorial Academy (Sylvan Learning),,not found
"Chicago Public Schools, Cameron Elementary",https://www.localschooldirectory.com/public-school/25251/IL,live
"Chicago Public Schools, Hancock High School",http://web.archive.org/web/20010607080354/www.nupedia.com/policy.shtml,archived
"Chicago Public Schools, Homeless Education Program",https://www.chapinhall.org/wp-content/uploads/Homeless_report_2008_Dworsky.pdf,live
"Chicago Public Schools, Office of the Chief Executive Officer",https://www.mybkexperience.com/,live
"Chicago Public Schools, Region 5",https://www.punjabkingsipl.in/,live
"Chicago Public Schools, Service Learning Office of High School Program",https://web.archive.org/web/20040604015430/www.grammy.com/newyork_profile.aspx,archived
"Chicago Public Schools- 10,000 Tutors Initiative",https://web.archive.org/web/20020523164404/http://www.chicagopublicschools.com:80/,archived
Chicago Public Schools-Office of Language and Cultural Ed.,https://web.archive.org/web/20171212192411/reprints.longform.org/playboy-interview-gene-siskel-and-roger-ebert,archived
Chicago Public Schools-School Partners Program,https://www.dol.gov/agencies/osec,live
Chicago Real Estate Educational Initiative (CREI),https://chicagorealestateinstitute.com/introducing-accelerated-real-estate-broker-course/,live
Chicago Scholars,https://chicagoscholars.org/,live
Chicago Scholars Foundation - John Nuveen Company,,not found
"Chicago School of  Professional Psychology, Illinois Campus Compact",https://apps.microsoft.com/detail/xp8k4rgx25g3gm,live
Chicago School of Blues Final Feliz Foundation,,not found
Chicago State University,https://www.csu.edu/,live
Chicago Summer Business Institute c o Pine Webber,,not found
Chicago Sun Times,https://chicago.suntimes.com/high-school-sports,live
Chicago Teachers Center,https://www.idealist.org/en/nonprofit/12fde0d7a3d9465299d54242bdfca92b-chicago-teachers-center-at-northeastern-illinois-university-chicago,live
Chicago Teacher’s Center Gear-Up Program,http://web.archive.org/web/20061231031333/ws2005.wikisym.org/space/WikiVanning,archived
"Chicago Teacher’s Center, Northeastern Illinois University",https://www.idealist.org/en/nonprofit/12fde0d7a3d9465299d54242bdfca92b-chicago-teachers-center-at-northeastern-illinois-university-chicago,live
Chicago Time Dollar Cross Age Peer Tutoring,,not found
Chicago Training Center,https://www.chicago.gov/city/en/depts/opsa/provdrs/public_safety_training_center.html,live
Chicago Tribune,"https://web.archive.org/web/20071117073414/http://www.chicagotribune.com/classified/automotive/columnists/chi-0701010141jan01,0,5874175.column?page=1&coll=chi-newsnationworldiraq-hed",archived
Chicago Urban League,https://chiul.org/,live
Chicago Urban League Quantum Opportunities,,not found
"Chicago Urban League, Mentor Scholarship Builder Program",,not found
"Chicago Urban League, Quantum Opportunities",https://athletics.houghton.edu/sports/baseball,live
Chicago Vocational High School,https://www.cvcacademy.org/,live
Chicago Women Aids Project,https://www.acronymattic.com/Chicago-Women-Aids-Project-(CWAP).html,live
Chicago Youth Centers,https://www.chicagoyouthcenters.org/blog?offset=1420158978000&category=Donor+Spotlight,live
Chicago Youth Centers - LEAP (Lower North Center),https://msrc.microsoft.com/update-guide/vulnerability,live
Chicago Youth Programs,https://wgci.iheart.com/calendar/content/2026-03-12-312-day-chicago-youth-programs/,live
"Chicago Youth Programs , Inc.",https://donatenow.networkforgood.org/CYP,live
"Chicago Youth Programs, Inc, Washington Park",http://web.archive.org/web/20061212165625/www.nisbco.org/biblio_A-H.htm,archived
"Chicago Youth Programs, Inc. - Cabrini Green",https://web.archive.org/web/20010401175550/http://www.chicagoyouthprograms.org:80/,archived
Chicago Youth Success Foundation,https://www.chicagobusiness.com/article/19990904/ISSUE01/1000438/who-s-who,live
Chicago for Youth,https://www.chicago.gov/YouthServices,live
Child Serv,https://archive.org/details/740063CFChildServENG,live
ChildServ,https://archive.org/details/ChildServ,live
Childcare Network Inc. NFPEmployment Resources,,not found
Childrens Home & Aid,https://prezi.com/p/s5s-famyhcn9/childrens-home-and-aid/,live
Childrens Home Association of Illinois,https://nonprofitlocator.org/organizations/il/peoria,live
Childrens Memorial Hospital,https://www.healthgrades.com/group-directory/il-illinois/chicago/childrens-memorial-hospital-xdxjvr,live
Children’s Home and Aid Society of IL,http://www.faqs.org/faqs/genealogy/adoption/part2/,live
"Children’s Outing Association, The Chosen",https://www.kvoa.com/,live
Chinese American Service League,https://casl.org/,live
Chinese Mutual Aid Association,https://www.chinesemutualaid.org/,live
Christ Church,https://web.archive.org/web/20190327091428/https://www.staugustine.com/article/20110909/LIFESTYLE/309099986,archived
Christ Community Church,https://www.visitccc.com/meet-the-team,live
Christ Evangelical Church - Brain Boosters,,not found
Christ Evangelical Church Brain Boosters,,not found
"Christ Evangelical Church, Brain Boosters",,not found
Christ Evangelical Lutheran Church,https://www.christevangelical.org/,live
Christ Evangelical Lutheran Church  Brain Booster - After School Mentoring Program,https://www.2k.com/games/nba2k/,live
Christ Evangelical Lutheran Church Brain Booster - After School Mentoring Program,https://www.2k.com/games/nba2k/,live
Christ Evangelical Lutheran Church Youth Outreach,,not found
Christ Temple Cathedral SAY Y.E.S! Youth Center,https://isp111group5.wordpress.com/,live
Christ Temple Cathedral SAY YES,,not found
"Christ Temple Cathedral, SAY Y.E.S! Youth Center",https://isp111group5.wordpress.com/,live
Christ Universal Temple Project New Life,http://web.archive.org/web/20080117073319/www.geocities.com/area51/shadowlands/6583/project144.html,archived
"Christ Universal Temple, Project New Life",https://www.powerball.com/draw-result,live
Christian Care Center of Logan Square,http://www.nonprofitfacts.com/IL/Christian-Care-Center-Of-Logan-Square.html,live
Christian County Mental Health Association,https://www.healthgrades.com/physician/dr-duttala-reddy-xk48f,live
Christian Family Center Church,https://www.joinmychurch.com/churches/Northside-Christian-Family-Center-Omaha-Nebraska-United-States/277178,live
Christian Family Center Corporation,https://www.acronymattic.com/Chinese-Federation-of-Commerce-of-Canada-(CFCC).html,live
Christians On the Move Outreach Ministries,http://web.archive.org/web/20060614001357/religiousmovements.lib.virginia.edu/nrms/newage.html,archived
Christopher House,https://www.larchesaskatoon.org/homes/christopher-house/,live
"Christopher House, 2 Degrees",https://www.powerball.com/draw-result,live
Church Street Commons,https://perchn.com/property/church-street-commons/,live
Circle Around Families Geminus Corporation,https://www.powerball.com/draw-result,live
Circle Family Care,https://familycarecircle.app/pitch,live
Circle Urban Ministries,https://circleurban.org/,live
Circle of Service Foundation,https://www.cosfoundation.org/,live
Circuit Court of  Cook County Juvenile Probation Department,https://www.cookcountycourtil.gov/department/juvenile-probation-and-court-services-department,live
Circuit Court of Cook County,https://www.cookcountycourtil.gov/district/sixth-municipal-district-markham,live
Circuit Court of Cook County Juvenile Court,https://www.cookcountycourtil.gov/division/juvenile-justice-division,live
Circuit Court of Cook County Juvenile Court Probation Department,https://www.cookcountycourtil.gov/department/juvenile-probation-and-court-services-department,live
Circuit Court of Cook County Juvenile Justice Department,https://chicago.suntimes.com/2014/12/17/18555238/rape-prompts-alderman-to-call-for-hearings-on-electronic-monitoring,live
Circuit Courty of Cook County Juvenile Court,https://www.cookcountycourtil.gov/division/juvenile-justice-division,live
Cities In Schools - PTPL,https://mx.usembassy.gov/visas/,live
Citizen University,https://citizenuniversity.us/,live
Citizens Information Service of Ill,https://web.archive.org/web/20150711162625/www.natlawreview.com/article/supreme-court-limits-scope-honest-services-statute-skilling-v-united-states,archived
City Church DAL Ministries,https://dccccofpraise.org/,live
City Colleges Chicago Central,https://web.archive.org/web/20090130190022/https:/thewaythefutureblogs.com/2009/01/sir-arthur-and-i/,archived
City Colleges of Chicago Future Teachers of Chicago,https://web.archive.org/web/20220517015957/https:/princeofthequeencity.com/,archived
"City Colleges of Chicago, Digital Workforce Education Society",,not found
City Harvest Outreach Ministry,https://www.glorytogloryucc.org/about1,live
City Year Chicago,https://abc7chicago.com/post/city-year-chicago-deploys-young-mentors-bridge-educational-gap/15624561/,live
City of Chicago - Student Internship Program,https://web.archive.org/web/20210728104324/https:/www.clockinc.org/about-1,archived
City of Chicago Department of Children and Youth Services,https://web.archive.org/web/20220517015957/https:/princeofthequeencity.com/,archived
City of Chicago Law Department,https://www.chicago.gov/city/en/depts/dol.html,live
City of Chicago Mayors Office,https://web.archive.org/web/20180912222743/chicago.suntimes.com/crime/man-shot-to-death-by-gary-police-after-firing-at-officers/,archived
"City of Chicago, Deputy Mayor for Education",https://chicookworks.org/wp-content/uploads/2020/09/COVID-Workers-Grant-1.pdf,live
"City of Chicago, Mayors Office of Workforce Development (MOWD)",https://www.chicago.gov/city/en.html,live
City of Highland Park Youth Services,https://cityhpil.com/,live
City of Milwaukee Housing Authority,https://hudhousingnetwork.com/wi/milwaukee/milwaukee,live
City of Rock Falls,https://rockfalls61071.net/,live
City of Rockford Illinois Community Services Division Human Services,https://www.2k.com/games/nba2k/,live
"City of Rockford Illinois, Community Services Division Human Services",https://rockfordil.gov/,live
Civic Federation,https://www.civicfed.org/about-us,live
Civic Media Foundation,https://www.slideshare.net/armandbogaarts1,live
Classic Mortgage Solutions,https://classicmortgagellc.com/,live
Clay County Health Department,https://www.clayhdnc.us/women-and-children,live
Clay County Teen Reach,https://www.powerball.com/draw-result,live
CliffCorp,https://opengovwa.com/corporation/601429648,live
"Clinton, IA CSD, Study Connection Youth Mentoring Program",,not found
Cluster Tutoring Program - Learning Edge Tutoring,,not found
Cluster Tutoring Program / Learning Edge Tutoring,https://www.nhl.com/info/teams/,live
Coalition for Improved Education In South Shore,"https://www.acronymfinder.com/Coalition-for-Improved-Education-in-South-Shore-(Chicago,-IL)-(CIESS).html",live
Collaborative Youth Development Services,https://www.nhl.com/info/teams/,live
College Bound,https://collegeboundgame.com/,live
College Bound Opportunities,https://cbo4success.org/who-we-are/,live
College Social Science Department,https://media.lanecc.edu/users/martinezp/telecourse/TeleSyl.htm,live
Columbia College - Community Media Workshop,https://www.goshorty.net/notes-from-the-conversation-between-the-black-media-the-black-community,unverified
Columbia College Chicago,https://www.colum.edu/,live
Columbia College Chicago Academic Support Center,https://web.archive.org/web/20080420154202/www.beyondmarriage.org/signatories.html,archived
Columbia College Chicago Learning Center,https://web.archive.org/web/20080420154202/www.beyondmarriage.org/signatories.html,archived
Columbia College Chicago OCAP,https://npnweb.org/wp-content/content/files/NPN07Directory.pdf,live
"Columbia College Chicago, OCAP",https://npnweb.org/wp-content/content/files/NPN07Directory.pdf,live
Columbia College Community Media Workshop,https://www.goshorty.net/notes-from-the-conversation-between-the-black-media-the-black-community,unverified
Columbia College Office of Arts Partnerships,https://web.archive.org/web/20080420154202/www.beyondmarriage.org/signatories.html,archived
Columbia College of Chicago,https://ch.pinterest.com/ideas/columbia-college-chicago/897044685498/,live
"Columbia College of Chicago, Office of Community Arts Partnerships",https://www.jeep.com/find-dealer.html,live
"Columbia College, Center for Community Arts Partnerships",https://www.idealist.org/en/nonprofit/21279ac4817f474fabe4e50c564cfa6b-center-for-community-arts-partnerships-at-columbia-college-chicago-chicago,live
Columbia University at Harlem Hospital,https://www.nychealthandhospitals.org/locations/harlem/,live
Communities Together (FACT) Show,https://www.nhl.com/info/teams/,live
Communities in Schools of Chicago,https://www.cisofchicago.org/partnering-with-families/,live
Communities in Schools of East Chicago - STARS Mentoring,http://web.archive.org/web/20061212165625/www.nisbco.org/biblio_A-H.htm,archived
"Community & Family Resource Center, S.H.A.R.E. Mentor Program",http://web.archive.org/web/20020922153719/www.chi-challenge.org/implement3.htm,archived
Community Assistance Programs,https://www.scottsdaleaz.gov/assistance-programs,live
Community Building Tutors,https://web.archive.org/web/20110704110715/http:/www.sciencedebate.org/debate08.html,archived
Community College Foundation,https://foundationccc.org/,live
Community Consolidated School District 146,https://district146.org/,live
Community Counseling Centers of Chicago,https://www.opencounseling.com/illinois/chicago,live
Community Economic Development Law Project (CEDLP),https://cedproject.org/law/,live
Community Education Alliance of West Philadelphia,https://dced.pa.gov/educational-improvement-organizations/,live
Community Extension Project,https://files.eric.ed.gov/fulltext/EJ1308786.pdf,live
Community Human Services,https://chservices.org/homelessness/casa-de-noche-buena/,live
Community Involvement Employment,https://www.olysteel.com/employment/community-involvement,live
Community Light Family & Youth Development Service,http://www.nonprofitfacts.com/IL/Community-Light-Family-Youth-Development-Service.html,live
Community Media Workshop,https://www.twn.org/training/community-media-workshop,live
Community Mental Health Council,https://www.medicaldaily.com/positive-perceptions-mentally-ill-may-increase-over-time-schizophrenia-most-stigmatized-268653,live
Community Organizer,https://www.democracyjobs.org/jobs/439766026-community-organizer,live
Community Outreach View & Visions Performing Arts,https://web.archive.org/web/20140204005918/http:/www.slc.edu/magazine/75th-anniversary/founding/becoming.html,archived
Community Resource Network Volunteer Center,https://web.archive.org/web/20120330034840/http:/www.omh.ny.gov/omhweb/facilities/pgpc/facility.htm,archived
Community Shares of Illinois,https://communitysharesillinois.org/,live
Community Television Network,https://foursquare.com/v/community-television-network/4e2ecfce8877341a514bc1ed,live
Community Wraparound Initiative,https://link.springer.com/article/10.1023/A:1025089227710,live
Community Youth Outreach,https://www.fairchanceproject.com/programs/community-youth-outreach,live
Computer Training Consortium,https://web.archive.org/web/20110704110715/http:/www.sciencedebate.org/debate08.html,archived
Concordia College,https://www.concordiacollege.edu/admission/accepted-students/make-it-official/,live
Constitutional Rights Foundation Chicago,https://www.nonprofitlist.org/det/44014_constitutional-rights-foundation-chicago,live
Conversation Press,https://www.slideshare.net/slideshow/for-conversation-press-1pptx/252930704,live
Cook County Juvenile Court,https://www.cookcountycourtil.gov/division/juvenile-justice-division,live
Cook County Juvenile Detention Center,https://www.injusticewatch.org/juvenile-courts/youth-incarceration/2024/cook-county-juvenile-detention-center-downsize-plans/,live
Cook County Juvenile Probation Department,https://www.cookcountycourtil.gov/division/juvenile-justice-division,live
Cook County Juvenile Temporary Detention Center,https://www.cookcountyil.gov/agency/juvenile-temporary-detention-center,live
Cook County Sheriffs Office,https://www.propublica.org/article/cook-county-sheriffs-office-gang-database,live
Cook County State's Attorney - Juvenile Justice Bureau,https://www.bellas-wachowski.com/lawyers/tracy-a-ries/,live
Cook County States Attorney,https://www.cookcountystatesattorney.org/,live
Coopers & Lybrand,https://www.icaew.com/library/historical-resources/guide-to-historical-resources/firm-histories/whats-in-a-name/coopers-and-lybrand,live
Copeland Consulting,https://www.copelandconsulting.org/,live
Corazon a Corazon,https://www.booking.com/hotel/pe/hostal-corazon-a-corazon.en-gb.html,live
Corboy & Demetrio,https://www.corboydemetrio.com/,live
Corporation for National & Community Service,https://www.govinfo.gov/content/pkg/CHRG-114hhrg20236/html/CHRG-114hhrg20236.htm,live
Corporation for National Service Illinois State Program Offfice,https://www.illinois.gov/business.html,live
"Corporation for National Service, Illinois State Program Offfice",,not found
Cottage Kids Youth Program,,not found
"Couleecap, Inc. LaCrosse, WI",,not found
"Council Bluffs, IA, Area Education Agency 13",https://maps.google.com/,live
Country Club Hills Mentoring Program,https://cchillsmentoringprogram.com/,live
Court of Cook County Juvenile Justice Department,https://www.probation.illinoiscourts.gov/Contacts/juvenile-detention-contacts,live
Cove Foundation,https://www.thecovefoundation.org/,live
Crawford Co Mentoring Program,,not found
Creighton University Occupational Therpy,https://www.creighton.edu/academics/programs/occupational-therapy,live
Crossector Solutions LLC,https://cobaltintelligence.com/directory/Illinois/C/CRO,live
Crossroads YMCA of Chicago North Lawndale,,not found
Currie High School,https://curriehighschool.co.uk/,live
DCPS,https://www.ncbi.nlm.nih.gov/gene?LinkName=geoprofiles_gene&from_uid=34752138,live
DSSA Mgt,https://www.nhl.com/info/teams/,live
DSWS Job Placement Service,https://www.dswd.gov.ph/e-services/,live
DYE Developing the Young,https://www.nhl.com/info/teams/,live
Dads First,https://www.dadsfirst.org/,live
Daniel Murphy Scholarship Foundation,https://web.archive.org/web/20201103184735/nrapvf.org/grades/south-carolina,archived
Danville C C School District 118,https://archive.org/stream/ERIC_ED316595/ERIC_ED316595_djvu.txt,live
Dare to Dream: Get Educated Latina Conference,http://sacredfeminist.com/kate-skegg-dare-to-dream-get-educated/,live
Darryl Stingley Youth Foundation,https://www.espn.com/blog/afceast/post/_/id/15437/tatums-death-summons-stingley-tragedy,live
Daughters of Zion International,https://www.daughtersofzioninternational.org/,live
Davids Slingshot,https://fairbowusa.com/products/davids-sling,live
De La Salle Tolten Center,,not found
De Paul University,https://www.depaul.edu/,live
DePaul Center for Urban Education,https://teacher.depaul.edu/StandardsPlanningTools.doc,live
DePaul University,https://offices.depaul.edu/housing/assignments/Pages/living-learning-communities.aspx,live
DePaul University - Eagan Urban Center,https://resources.depaul.edu/egan-office/Pages/default.aspx,live
DePaul University College of Law,https://law.depaul.edu/about/deans-message,live
DePaul University English Department,https://las.depaul.edu/academics/departments-programs/english,live
DePaul University Irwin W Steans Center for Community Based Service Learning,https://alumnius.net/depaul_university-8254-439,live
DePaul University School of Education,https://archive.org/stream/ERIC_ED050663/ERIC_ED050663_djvu.txt,live
DePaul University Steans Center for Community based Service Learning,https://csh.depaul.edu/academics/departments-schools/nursing/about/community-engagement,live
"DePaul University, Department of Psychology",https://neurophys.depaul.edu/findus.html,live
"DePaul University, Jumpstart Chicago",,not found
"DePaul University, Office of Advancement",https://www.depaul.edu/,live
"DePaul University, School of Education",https://education.depaul.edu/,live
"DePaul University, Steans Center for Community based Service Learning",https://csh.depaul.edu/academics/departments-schools/nursing/about/community-engagement,live
DeVry Institute,https://web.archive.org/web/20110403191942/http://www.devry.edu/,archived
DeVry University,https://apps.apple.com/us/app/devry-university/id675222317,live
Delta Area Economic Opportunity Corp,https://www.sikeston.net/assets/pdf/Relocation+Guide-compressed/,live
Demoiselle2Femme,https://www.easycounter.com/report/demoiselle2femme.org,live
Department of Children and Family Services,https://msa.maryland.gov/msa/mdmanual/36loc/al/html/functions/alcommunity.html,live
"Department of Children and Family Services, City of Chicago",https://web.archive.org/web/20220517015957/https:/princeofthequeencity.com/,archived
Department of Psychology,https://olemiss.edu/psychology/,live
Department of Public Health Teen Reach Program,https://web.archive.org/web/20120330034840/http:/www.omh.ny.gov/omhweb/facilities/pgpc/facility.htm,archived
"Dept of Disability and Human Development, UIC",,not found
Des Moines Area Religious Council - Project Connect,https://www.nhl.com/info/teams/,live
Designers for Learning,https://designersforlearning.org/,live
Destinee Global,https://www.internationalcorp.org/destinee-global-nfp,live
Developing Communities Project,https://www.macfound.org/grantee/developing-communities-project-1260/,live
Dewey School,https://www.deweyschool.net/,live
Diamond Lake School Dist 76,http://www.schools-data.com/schools/WEST-OAK-MS-MUNDELEIN.html,live
DigitalConnections,https://digitalconnections.info/,live
Dime Child Foundation,https://www.idealist.org/en/nonprofit/de3d6ebf899e4210877660484e6751be-dime-child-foundation-chicago,live
Discovery Toys,https://www.discoverytoys.net/,live
District 30 Governor 2003 2004,https://web.archive.org/web/20230327232542/https:/www.ipsecinfo.org/2017/04/04/nuclear-ticking-time-bomb-28-miles-from-nyc-americas-lawyer/,archived
Division of Environment Culture & Conservation Field Museum,https://www.nhl.com/info/teams/,live
Dixon Youth Services,,not found
Do Gooder Consulting,https://www.do-gooder.us/,live
Do The Write Thing Challenge,https://www.wt-philly.com/,live
Doherty Rumble & Butler,https://www.cftc.gov/sites/default/files/enf/98orders/enfgrainland.htm,live
Dollars 4 Scholars,https://impact.utdallas.edu/project/2468,live
Dominican University,https://www.dom.edu/about-dominican,live
Donors Forum of Chicago,https://data.danetsoft.com/donorsforum.org,live
Douglas Alternative School,https://www.greatschools.org/nevada/minden/602-Douglas-Alternative-School/,live
Dr Bill Learning Centers,https://www.nhl.com/info/teams/,live
Dream Cultivation Youth Training Institute,,not found
DreamBig,https://www.dreambigsemi.com/,live
Dreams for Kids,https://www.dreamsforkids.org/,live
DrinkerBiddle&Reath,https://law.lclark.edu/live/files/4777-letter-of-protest-1-washrs-2-24-10-74300713,live
DuPage County Project Success Lombard Villa Park,,not found
Dunbar High School,https://www.baltimorecityschools.org/o/dunbar,live
Dunbar Vocational Career Academy Jobs for IL Graduates,https://dvca-cps.org/,live
Durland Consulting,https://durlandconsulting.com/,live
Dusseldorp Skills Forum (Australia),https://archive.org/stream/ERIC_ED470615/ERIC_ED470615_djvu.txt,live
EDC Usborne Books,https://www.abebooks.com/book-search/publisher/edc-usborne-books/,live
EPIE Institute,https://www.amazon.com/1988-Supplement-Educational-Software-Selector/dp/0807729264,live
Each One Reach One Child,https://www.volunteermatch.org/search/org25097.jsp,live
East Valley Bible Church,https://eastvalleybiblechurch.com/home,live
East Village  Youth Program,https://www.findglocal.com/US/Chicago/118306544862267/East-Village-Youth-Program,live
East Village Youth Program,https://eastvillageyouthprogram.wordpress.com/,live
"Easter Seals, Inc., Reaching for Adulthood Program",,not found
Eastern Illinois Education for Employment Systems,https://southeasternillinois.org/165500-committed-to-create-coles-county-entrepreneurship-class/,live
Eastview Elemenatry School,https://ev.oleanschools.org/,live
Ebenezer Lutheran Church,https://www.ebenezerchurch.org/,live
Economics America c o Northern Illinois University,https://web.archive.org/web/20080420154202/www.beyondmarriage.org/signatories.html,archived
"Economics America, IL Council on Economic Education",https://web.archive.org/web/20080420154202/www.beyondmarriage.org/signatories.html,archived
EdSolutions,https://edsolutions.com/,live
Edgewater Baptist Church Safe Place Afterschool program,https://www.edgewaterbaptistchurch.org/,live
Edgewood College,https://www.edgewood.edu/,live
Edison Schools,https://edisonschools.edu.vn/en/,live
Education 4 Life Foundation,https://www.h2owellsfoundation.org/donate,live
Education Service Network,https://www.riihimaki.fi/en/tiedotteet/palveluverkon-projektiryhma-valitsi-paivakodit-ja-koulut-joiden-tulevaisuutta-arvioidaan/,live
Education Writer - Freelance,https://blog.writers.work/tag/education-writer/,live
Educational Endeavors,https://educationalendeavors.org/8-ways-to-focus-when-doing-your-homework/,live
Educational Talent Search Markham,,not found
"Effingham Unit 40 Schools, Central School Mentoring Program",,not found
El Valor,https://elvalor.org/employment/,live
Elgin Community College Youth Leadership Academy,https://archive.org/stream/ERIC_ED411716/ERIC_ED411716_djvu.txt,live
Elgin School District U46,https://www.u-46.org/,live
Elgin YMCA - Project Access,,not found
Ellen Satter Institute,https://www.ellynsatterinstitute.org/home/,live
Elmhurst College,https://www.nndb.com/edu/599/000079362/,live
Elmhurst School District #205,https://www.elmhurst205.org/,live
Emerson Junior High School,https://www.emersonpace.com/about-pace/about-emerson/,live
Employment & Employer Services,https://edd.ca.gov/en/About_EDD/Employer_Services_Online,live
Employment Resources and Childcare Network,https://employmentresourcesandchildcarenetwork.wordpress.com/,live
Enlewood United,,not found
Enlightenment Social Services,https://web.archive.org/web/20230506125554/https:/www.microsoft.com/en-us/msrc/windows-security-servicing-criteria,archived
Epiphany International,http://ryanwuerch.com/epiphany-international/,live
Epworth Church Tutoring Program / Inspired Youth,,not found
Epworth Tutoring Program  / Inspired Youth Tutoring,https://www.dol.gov/agencies/osec,live
Epworth Tutoring Program - Inspired Youth,,not found
"Epworth Tutoring Program - Inspired Youth, Inc.",,not found
Epworth Tutoring Program / Inspired Youth,,not found
"Epworth Tutoring Program, Inspired Youth",https://www.nhl.com/info/teams/,live
Equinnox,https://essentialquinn.bandcamp.com/album/equinnox-ii-true-north,live
Erickson Institute,https://web.archive.org/web/20080420154202/www.beyondmarriage.org/signatories.html,archived
Erie Family Health Center,https://www.eriefamilyhealth.org/,live
Erie Neighborhood House,https://eriehouse.org/,live
Erie Neighborhood House Adult Programs,https://www.nhl.com/info/teams/,live
Erie Neighborhood House TEAM Youth Options Unlimited,https://www.nhl.com/info/teams/,live
Erie Neighborhood House TEAM/Youth Options Unlimited,https://athletics.houghton.edu/sports/baseball,live
Erie Neighborhood House Youth Options Unlimited,,not found
Eternal Light Community Services,https://acronymsandslang.com/definition/7138790/ELM-meaning.html,live
"Euclid Foursquare Church, Tutorial Program",,not found
Evangel Church of God WorldVision KidREACH,https://www.evangelchurch.com/,live
Evanston INVEST,https://web.archive.org/web/20110920133809/http:/www.uvu.edu/chss/adoption/2010/presenters.html,archived
Evanston INVEST Tutoring Program,,not found
Evanston Police Department Youth Service Bureau,,not found
Evanston Skokie School District 65,https://www.district65.net/,live
Evanston/Skokie School District 65,https://www.district65.net/,live
Evergreen Centre for Street Youth,https://www.torontomu.ca/~streetiy/about/community_partners.html,live
Executive Service Corps,https://escus.org/,live
Exodus Renewal Society VIP Mentoring Program,,not found
Experience Corps,https://www.aarp.org/experience-corps/,live
F U T U R E Foundation,https://web.archive.org/web/20110604035216/https:/www.ndsu.edu/news/view/article/11749/,archived
FBC TIA,,not found
FOUS,https://soundcloud.com/fous-official/youre-my-skrtt-fous-prod-pyker-2,live
FOUS Consulting,https://focusconsultingfirm.com/,live
FOUS Consulting Service,,not found
Families Building Community,https://allpathsfb.org/page/2/,live
Families of Incarcerated Individuals,https://www.fotistrong.com/,live
Family Care of Illinois,https://www.healthgrades.com/group-directory/il-illinois/chicago/family-care-of-illinois-x9tbtv,live
Family Care of Illinois Foster Grandparent Program,https://www.nhl.com/info/teams/,live
Family Empowerment Centers of Chicago,https://www.ecfa.org/MemberProfile.aspx?ID=57608,live
Family First Health Care,https://www.healthgrades.com/physician/dr-monique-tolston-3x4ry,live
Family Focus,https://thefamilyfocus.ca/walk-in/,live
Family Focus Teen Parent Support,http://web.archive.org/web/20080705135834re_/boycottmcdonalds.com/,archived
Family Matters Community Tutoring Programs,https://www.nhl.com/info/teams/,live
Family Outreach & Educational Center,https://nonprofitlocator.org/organizations/fl/hialeah,live
Family Rescue,https://collider.com/holmes-family-rescue-reveals-what-diy-homeowners-stop-doing/,live
Family Resource Center - MAlNROADS,https://web.archive.org/web/19981206195437/http://www.familyresourcecenter.org:80/,archived
Family Resource Center Youth Advocacy,https://www.nhl.com/info/teams/,live
"Family Resource Center, Youth Advocacy",https://www.thetrevorproject.org/,live
Family Resource Foundation,https://greatnonprofits.org/org/family-resource-foundation-inc,live
Family Strengthening and Mentoring Program JCFS,,not found
FamilyCare of Illinois,https://www.volunteermatch.org/search/org19477.jsp,live
Farther Foundation,https://www.fartherscholar.org/,live
Fathers for the Future Foundation,https://greatnonprofits.org/org/fathers-for-the-future-foundation,live
Federal Resource Center for Children of Prisoners Child Welfare League of American,,not found
Fellowship Community Services,https://www.fridaynightplace.com/,live
Fellowship United Methodist Church,https://fellowshipmethodist.org/,live
Femi Memorial Outreach After School Tutoring and Mentorship,https://www.taxexemptworld.com/organization.asp?tn=1640697,live
Fermi Outreach,https://slate.com/technology/2009/12/fermi-smooths-out-space.html,live
Fernwood School,https://www.fernwood.school/,live
Ferris State University,https://www.ferris.edu/,live
"Ferris State University, Academic Support Center",,not found
Fetch Public Relations,https://trustburn.com/reviews/fetch-public-relations-llc,live
Fidelity Life Associatin,,not found
Field Museum,https://www.fieldmuseum.org/,live
Firman Community Services,http://firmancs.org/,live
First Baptist Congregational Church,https://www.firstbaptistchicago.org/,live
First Book,https://en-academic.com/dic.nsf/enwiki/3530607,live
First Church Bethany Brethern,,not found
First Church of the Brethem,https://archive.org/stream/raurowrowefamily00whit/raurowrowefamily00whit_djvu.txt,live
First Congregational Church,https://www.fccla.org/,live
First Defense legal Aid,https://www.first-defense.org/,live
First Hand Learning,https://airtouch.education/,live
First Immanuel Lutheran Church,https://firstimmanuelchicago.org/,live
First Step to Community Development,https://web.archive.org/web/20201118031250/https:/usoecd.usmission.gov/white-house-ostps-michael-kratsios-keynote-on-ai-next-steps/,archived
First Unitarian Church,https://www.uula.org/fun,live
First United Methodist Church,https://www.firstumc.org/,live
Fllowship Community Services,,not found
Flower Career Academy,http://www.schools-data.com/schools/FLOWER-CAREER-ACADEMY-H-S-CHICAGO.html,live
Floyd Consulting,https://www.floydconsulting.com/,live
Focus Treatment Center Suite 219,https://web.archive.org/web/20200426140027/https:/slatestarcodex.com/,archived
Focus Vision Films,https://web.archive.org/web/20230929084558/https:/www.latimes.com/business/la-tm-oops6feb05-story.html,archived
Foot Soldiers for Christ,https://www.calvaryhillsboro.org/watch-listen/messages/shawn-dean-2022-05-08-luke-101-16,live
Foreman High School,https://www.foremanschools.org/,live
"Forth Presbyteriam Church, Partners In Education - Chicago Lights",,not found
Forth Presbyterian Church Chicago Lights Tutoring - Partners in Education,https://chicagolights.org/tutoring/,live
Forty First Judicial Circuit of Missouri -Juvenile Office Shelby County Courthouse,,not found
Foster Green Morgan,https://ufind.name/Anita+Green,live
Fourth Presbyterian Church,https://www.fourthchurch.org/,live
Fourth Presbyterian Church - Chicago Lights Tutoring,https://www.idealist.org/en/nonprofit/3f787ae8489b4b6d93a50d4abaa36889-chicago-lights-tutoring-program-fourth-presbyterian-church-chicago,live
Fourth Presbyterian Church Chicago  Lights Tutoring Program - Partners in Education,,not found
Fourth Presbyterian Church Chicago Lights Tutoring - Partners in Education,,not found
Fourth Presbyterian Church Chicago Lights Tutoring / Partners in Education,,not found
Fourth Presbyterian Church Chicago Lights Tutoring Program - Partners in Education,,not found
Fourth Presbyterian Church Partners In Education Tutoring Program - Chicago Lights,https://lian-li.com/product/edge-gold/,live
Fourth Presbyterian Church Tutoring Program Partners In Education - Chicago Lights,https://outerwildsmods.com/mods/nomaivr/,live
"Fourth Presbyterian Church, Chicago Lights Tutoring / Partners in Education",,not found
"Fourth Presbyterian Church, Partners In Education - Chicago Lights",,not found
Free Spirit Media,https://witwire.com/,live
Free Street Programs,https://givebutter.com/free-street-programs-inc,live
Freelance Journalist,https://www.peopleperhour.com/,live
FreyDesign,,not found
Friday Night Youth Program,https://www.masjidfarooq.com/youth/,live
Friends for Youth Mentoring Institute,https://www.pointsoflight.org/awards/friends-for-youth-inc/,live
"Friends for Youth Mentoring Institute, Redwood City, CA",,not found
Friends of St Malachys,https://web.archive.org/web/20080420154202/www.beyondmarriage.org/signatories.html,archived
From Small Acorns,https://soundcloud.com/beckylovatt,live
Fund Raising Consultant,https://www.iteradvisors.com/en/services/accompagnement-levee-de-fond,live
Future Founders Foundation,https://linktr.ee/futurefounders,live
Future Teachers of Chicago,https://archive.org/stream/ERIC_ED418083/ERIC_ED418083_djvu.txt,live
GATX Terminals Corporation,https://www.fundinguniverse.com/company-histories/gatx-corporation-history/,live
GBG,https://www.gbg.com/,live
"GBG, Inc",https://gbgins.com/,live
GCE Lab School,https://www.privateschoolreview.com/gce-lab-school-profile,live
GEAR-UP,https://in.nau.edu/gear-up/5e-schools/,live
GGP,https://www.globalgrandprixwcs.com/,live
GO Promotions,https://www.beseenlimited.com/trendblendhub/kenyan-business/go-promotions/2024/03/07/,live
Gads Hill Center,https://gadshillcenter.org/,live
Gads Hill Center Learning Connection,,not found
Gage Park High School NCLB PAC,,not found
Gainer Mentor Program,https://www.maenwatches.com/,live
Gale Sayers Center,https://www.nytimes.com/2020/09/23/sports/football/gale-sayers-dead.html,unverified
Galilee Baptist Church,https://galileemissionarybaptist.org/,live
Galileo Scholastic Academy of Math and Science,https://www.galileoscholasticacademy.org/,live
Galileo School,https://www.galileoschool.sk/html/en/index.html,live
Gallery 312,https://www.fiveflagsdanceacademy.com/gallery-312/,live
Galtier African American Men Program,https://cbmnational.org/,live
Gang Crime Prevention Center,https://www.nhl.com/info/teams/,live
Garrett Morgan School,https://www.ps132x.org/,live
Gateway Youth Foundation,https://www.instrumentl.com/990-report/gateway-youth-foundation,live
Gear Up,https://in.nau.edu/gear-up/5e-schools/,live
Gender Equity Fund,https://americanfaith.com/biden-administration-launches-multimillion-dollar-climate-gender-equity-fund-to-address-inequalities/,live
General Services Center Boys and Girls Clubs of Chicago,https://www.nhl.com/info/teams/,live
Generations Serving Generations,https://www.massenaassociates.com/blog/generations-serving-generations,live
Gifford School,https://www.gifford.org/home,live
Gillespie School,https://www.gillespie.islington.sch.uk/learning/curriculum/subjects/,live
Girl Power,https://www.tarot.nl/en/product/girl-power-tarot,live
Girl Scouts of Chicago,https://blog.girlscoutsgcnwi.org/category/outdoor/page/2/,live
Girls Justice Initiative,https://web.archive.org/web/20200108223730/https:/joebiden.com/justice/,archived
GiveForward org,https://causecapitalism.com/giveforward/,live
Glencoe Study Center The Story Within,https://www.glencoeschools.org/,live
Global Citizen Experience,https://www.tiktok.com/discover/doja-cat-global-citizen-festival-2026,live
Global Enterprises Network,https://mobile.companiess.com/global_enterprises_network_llc_info1880080.html,unverified
Global Hand Incorporated,https://greatnonprofits.org/org/global-hand-inc,live
Going to Bat for Tulsa Kids,https://www.antiochbaptisttulsa.org/church-anniversary/guest-speaker,live
Golden Apple Foundation,https://www.goldenapple.org/,live
Good Counsel Center,https://www.amazon.com/Lady-Good-Counsel-Emerald-Rosary/dp/B004UN3O24,live
Good Health Place CAHMCP,https://www.healthcare.gov/,live
Good News Church,https://gn.church/,live
Good News Partners,https://www.visualvisitor.com/companies/955622/Good-News-Partners,live
Good See Ministries,https://web.archive.org/web/20260122193642/https:/www.globaltimes.cn/page/202601/1353949.shtml,archived
Good Shepherd Teen Learning Center,https://www.vinecorps.org/chris-bio,live
Gospel Kitchen,https://www.mountainandvalleytestimonies.com/gospel-kitchen,live
Governors State University SMHEC,,not found
Governors State University South Metropolitan Higher Education Consortium,,not found
Grace Media Group,https://gracemedia.app/,live
Grand Prairie Services Strength Through Identity,,not found
Greater Chicago Food Depository,https://www.feedingamerica.org/find-your-local-foodbank/greater-chicago-food-depository,live
Greater Kalamazoo United Way - Peace Jam,https://www.nhl.com/info/teams/,live
Greater Lawn Community Youth Network,https://www.nhl.com/info/teams/,live
Greater Open Door Church,https://causes.benevity.org/causes/840-760659155,live
Greater Open Door MBC,https://rutube.ru/video/c76e70e0883a1ee54c9b02aa508bd3e2/,live
Greater West Town,https://falcon-tangerine-7ylx.squarespace.com/,live
Greenville College,https://greenvillecollege.edu.ph/mission-vision/,live
Grimes School,,not found
Grundy Kendall County Teen R E A C H,https://www.verizon.com/,live
Guinean National Alliance of Illinois,https://www.nhl.com/info/teams/,live
H v G U,https://www.gu-global.com/us/en/,live
H.A.S.,https://www.tiktok.com/discover/mean-fb2-official,live
H.O.P.E. Outreach 2000,https://web.archive.org/web/20140309212059/https:/wikileaks.org/plusd/cables/06KYIV4489_a.html,archived
HACC,https://en-academic.com/dic.nsf/enwiki/871229,live
HOPE Worldwide,https://www.hopeww.org/,live
HRDI,https://www.hrdi.org/,live
Hales Franciscan High School,https://www.greatschools.org/illinois/chicago/4597-Hales-Franciscan-High-School/,live
Hales Leadership Program,https://web.archive.org/web/20080420154202/www.beyondmarriage.org/signatories.html,archived
HandsOn Suburban Chicago,https://volunteerportal.liveunitedchicago.org/agency/detail/?agency_id=131671,live
Harlan Community Academy,https://www.harlanfalcons.org/student-life.html,live
Harlan High School,https://www.harlan-ind.k12.ky.us/o/hhs,live
Harper Community College,https://www.harpercollege.edu/registration/registrar/residency.php,live
Hartzell United Methodist Church - Scholars Program,https://www.nhl.com/info/teams/,live
Haugan Elementary,https://www.haugan.cps.edu/,live
Hazard Community & Technical College,https://applycollege.org/hazard-community-and-technical-college/,live
Healey Educational Program Literacy Volunteers,,not found
Healthcare Alternative Systems,https://www.hascares.org/es/,live
Healthcare Consortium of Illinois,https://www.idealist.org/en/nonprofit/19035ce86c2845ce93982ae6c10d5720-healthcare-consortium-of-illinois-dolton,live
Heart of Transformation Wellness Institute,https://www.bodymindmedicine.com/,live
Heartland Alliance,https://www.uaheartland.org/,live
Heartland Alliance Chicago Connections,https://kcrha.org/wp-content/uploads/2019/06/future-lab-report.pdf,live
Heartland Alliance Social Impact Research Center,https://www.luc.edu/curl/past_and_present_affiliates_.shtml,live
Heller Financial,https://www.heller-financial.com/,live
Helping Hand Mentoring,https://handinhandmentoring.org/,live
Helping Others Provide Excellence (HOPE),https://www.idealist.org/en/nonprofit/fac845beaf8d4b2ea94ce73369373924-helping-others-provide-excellence-chicago,live
Here's Life Inner City,https://www.sicbase.com/state-co/here-039-s-life-inner-city_qgo0.html,live
Hermosa Community,https://www.ourhermosa.org/,live
Hermosa Community Organization,https://www.mapquest.com/us/illinois/hermosa-community-center-404799836,live
Hermosa Community Organization/ Youth Mentoring Program,https://www.nhl.com/info/teams/,live
Hewitt Associates,https://www.referenceforbusiness.com/history2/46/Hewitt-Associates-Inc.html,live
Higgins,https://www.higginshotelnola.com/,live
High Jump,https://worldathletics.org/world-rankings/high-jump/women,live
HighSight,https://highsight.org/,live
Highland Community College - Minority Achievement Team,https://web.archive.org/web/20110704110715/http:/www.sciencedebate.org/debate08.html,archived
Highland Community College Minority Achievement Team,https://www.nhl.com/info/teams/,live
"Highsight, St. Joseph's Church",,not found
"Highsight, St. Josephs Church",,not found
Hispanic Leadership Opportunity,https://lnesc-kc.org/programs/hispanic-leadership-opportunity-program/,live
Hispanic Scholarship Fund,https://www.hsf.net/login/,live
Hitachi Consulting,https://www.hitachiconsulting.co.jp/english/,live
Holiday Home Camp 361 North Lake Shore Drive,https://www.nhl.com/info/teams/,live
Holsten Human Capital Development,https://hhcd.org/,live
Holy Cross Church,https://www.stmarybccnyc.org/holycrosschurch,live
Holy Cross IHM Church,https://resurrectionproject.org/wp-content/uploads/2019/12/trp_annual_ereport_2010.pdf,live
Holy Family Ministries,https://jmjholyfamilyministries.com/about/,live
Holy Trinity High School,https://holytrinityhigh.nlesd.ca/,live
Home of Life Community Development Corporation,https://acronyms.thefreedictionary.com/Home+of+the+Underdogs,live
Hope and Restore Initiative Organization,http://web.archive.org/web/20090801232011/informationarchitects.jp/designing-firefox-32/,archived
Hope for the City Ministries,"https://web.archive.org/web/20010417052318/http:/www.time.com/time/asia/arts/interview/0,9754,96905,00.html",archived
Horizons for Youth,https://horizonsforyouth.org/blog,live
Horner After School,https://ihsvoice.com/2015/11/03/the-building-blocks-of-a-perfect-school/,live
House of Good Shepherd,https://goreadingberks.com/house-of-the-good-shepherd/,live
Household International,https://www.twoinstitute.com/ent/household-international/,live
Housing Authority of Joliet,https://www.hajoliet.org/,live
Housing Opportunities for Women,https://www.idealist.org/en/nonprofit/8ddd13f096ca46159c66fd83df1c91bf-housing-opportunities-for-women-chicago,live
Howard Area Alternative High Schools Network,https://www.nhl.com/info/teams/,live
Howard Area Community Center,https://www.metrofamily.org/community_center/hecc/,live
Howe & Hutton,http://web.archive.org/web/20000916092428/library.thinkquest.org/3376/Timeline.htm,archived
HuTech Human Services Technologies,,not found
Hub International,https://www.hubomani.com/,live
Hull House,https://www.hullhousemuseum.org/,live
Hull House RSVP,https://blogs.uofi.uic.edu/view/1516/557208,live
"Hull House, Orr Infant Center",,not found
Human Capital Research Corporation,https://theorg.com/org/human-capital-research-corporation,live
Human Enrichment Development Association,https://www.ojp.gov/pdffiles1/Digitization/64424NCJRS.pdf,live
Human Resource Development Institute,https://hrdinstitute.in/page.php?page=about_us,live
Humanity for Affordable Housing,https://www.starwarscelebration.com/en-us/tickets-merch/ticket-information.html,live
Hyde Park Art Center,https://www.tamparegionalartists.com/art-center,live
Hyde Park Hair Salon,https://hydeparkhairsalon.net/,live
Hyde Park Herald,https://www.hpherald.com/,live
I AM Cares,https://web.archive.org/web/20110704110715/http:/www.sciencedebate.org/debate08.html,archived
I Have A Dream Foundation,https://www.ihdfnj.org/,live
I.U.P.U.I.,https://engage.indianapolis.iu.edu/about/Goal7_Performance-Indicators-2021-FINAL.pdf,live
IIT Rice Campus,https://www.virtualtourist.com/travel/North_America/United_States_of_America/Illinois/Naperville-779215/Things_To_Do-Naperville-IIT_Rice_Campus-BR-1.html,live
IIT Stuart School of Business,https://estatic.universityguru.com/pdfs/1631180630198.pdf,unverified
INVEST Evanston,https://arrived.com/,live
IUPUI,https://indianapolis.iu.edu/about/iupui-transition/,live
IUPUI - Upward Bound,https://ub.indianapolis.iu.edu/,live
IUPUI Center for Service and Learning,https://www.nas.org/blogs/article/the_new_civics_pushes_progressive_advocacy_through_service_learning,unverified
IUPUI University College,https://matchcollege.com/public-colleges/indiana-university-purdue-university-indianapolis,live
IUPUI Upward Bound,https://ub.indianapolis.iu.edu/,live
"IUPUI, University College",https://matchcollege.com/public-colleges/indiana-university-purdue-university-indianapolis,live
"IUPUI, Upward Bound",https://ub.indianapolis.iu.edu/,live
Ideation First,https://www.boardofinnovation.com/blog/golden-rules-of-ideation/,live
Ill Association of Non Profit Organizations,https://www.louisiananonprofits.org/,live
Ill Department of Child & Family Services,https://web.archive.org/web/20221202155127/https:/www.floridahealth.gov/,archived
Illinois Action for Children,http://web.archive.org/web/20071222034949/www.losethetrainingwheels.org/default.aspx?Lev=2&ID=33,archived
Illinois African American Coalition for Prevention,http://www.ilaacp.org/,live
Illinois Alcoholism and Drug Prevention Center,http://web.archive.org/web/20170517130723/mentalhealthamerica.net/issues/2016-state-mental-health-america-adult-data,archived
Illinois Campus Compact,https://www.slideshare.net/ILCCMedia?nway-conten=,live
Illinois Caucus for Adolescent Health,https://www.icah.org/,live
Illinois Center For The Prevention Of Violence,https://web.archive.org/web/20250122231804/https:/www.cdc.gov/youth-safe-environments/professional-development/index.html,archived
Illinois College Access Network,https://illinoiscan.org/,live
Illinois Commission on Volunteerism and Community Service Ill Department of Human Services,,not found
Illinois Department of Children and Family Services,https://leadiq.com/c/illinois-department-of-children-and-family-services/5a1d836824000024005e0b91,live
Illinois Department of Employment Security,https://ides.illinois.gov/unemployment.html,live
Illinois Department of Financial and Professional Regulation,https://idfpr.illinois.gov/,live
Illinois Department of Human Services Grants Administration,http://web.archive.org/web/20041216124504/www.bobbemer.com/CONCEPTS.HTM,archived
Illinois Department of Human Services Office of Security&Emergency Preparedness,,not found
Illinois Department on Aging,https://www.illinois.gov/agencies/agency.age.html,live
Illinois Destination ImagiNation,https://illinoisdi.org/2018/08/what-we-do/,live
Illinois Education Foundation,https://masnstevy.com/tag/illinois-education-foundation/,live
Illinois Institute of Technology,https://www.iit.edu/housing/housing-options/residence-halls/cunningham-hall,live
Illinois Intergenerational Initiative,https://digitalcommons.unomaha.edu/slceintergenerational/16/,live
Illinois Mathematics and Science Academy,https://imsa.edu/academics/,live
Illinois Mentoring Partnership,https://www.chicago.gov/city/en/depts/mayor/press_room/press_releases/2015/august/mayor-emanuel-and-illinois-mentoring-partnership-launch-mayors-m.html,live
Illinois Office of Educational Services Thinkfinity,https://www.ipl.org/thinkfinity/,live
Illinois Resource Center,https://www.tiktok.com/discover/tinley-park-illinois-rec-center,live
Illinois Single Payer Coalition,https://www.ilsinglepayer.org/,live
Illinois State Board of Education,https://www.dailyherald.com/20251030/education/progress-not-just-achievement-state-emphasizes-growth-over-proficiency-in-new-illinois-report-ca/,live
Illinois State Police,https://isp.illinois.gov/,live
Illinois State Representative - 20th District,https://www.ice-pac.com/author/eleanor/,live
Illinois State Senator,http://www.senatorpatrickjoyce.com/,live
Illinois State Student Assistance Commission (ISAC),https://www.dailyherald.com/20080913/opinion/coming-to-aid-of-college-students/,live
Illinois State University,https://illinoisstate.edu/,live
Illinois Student Assistance Commission,https://www.osfa.illinois.edu/,live
Illinois Teenage Institute,https://archive.org/stream/annualreportstat1977illi/annualreportstat1977illi_djvu.txt,live
Illinois Wesleyan University,https://www.bkstr.com/iwustore/shop/clothing-accessories/women,live
Illinois Womens Funding Federation (IWFF),http://www.iwff.net/En/,live
Imagine Chicago,https://www.imaginechicago.org/,live
Imagine Englewood IF,https://www.imagineenglewoodif.org/,live
Imperial Consulting Corporation,https://www.easycounter.com/report/imperialcorp.com,live
In the Kitchen,https://www.amazon.com/In-the-Kitchen/dp/1911547666,live
"Independence Community Schools, Mentoring/STARS After School Program",https://web.archive.org/web/20091108111831/http:/bighollywood.breitbart.com/sright/2009/11/03/l-is-for-leftist-thats-good-enough-for-me/,archived
Indiana Alliance of Boys & Girls Clubs,https://www.indianabgc.org/about/,live
Indiana University,https://bloomington.iu.edu/,live
Indiana University Northwest,https://northwest.iu.edu/,live
Indiana University School of Medicine,https://medicine.iu.edu/internal-medicine/education/residency/bloomington/recruitment,live
Indo American Center Youth Development,https://www.slideshare.net/slideshow/indo-american-center/20259734,live
Industrial Council of Northwest Chicago,https://chicagocitywire.com/inaugural-chicago-manufacturing-awards-honor-local-businesses/,live
Information Technology International,http://web.archive.org/web/19970628182806/www.olivetti.com/info/pressuk/97052203.shtml,archived
Information Technology Resource Center (ITRC),https://www.ccc.edu/wright/departments/information-technology/,live
Inkindex,https://github.com/divecastro/inkindex-frontend,live
Inner City Impact,https://icichicago.org/mission/,live
Insight Through Art Foundation,http://www.nonprofitfacts.com/IL/Insight-Through-Art-Foundation-Inc.html,live
"Insight, St Joseph's Insight",https://www.nhl.com/info/teams/,live
"Inspired Youth Inc.,  Epworth Tutoring",,not found
"Inspired Youth, Inc - Epworth Tutoring",https://www.oocities.org/epworthtutoring/,live
Institute For Voluntary Organization,https://www.nhl.com/info/teams/,live
Institute For Voluntary Organizations,https://www.acronymattic.com/Institute-for-Voluntary-Organizations-(IFVO).html,live
Institute for Mathematics and Science Educa,https://www.universiteitleiden.nl/binaries/content/assets/science/mi/visitatierapport2009.pdf,live
Institute of Diversity,https://web.archive.org/web/20180425074908/http://unitedexplanations.org/english/2014/05/20/what-are-the-worst-countries-in-the-world-to-be-gay/,archived
Institute of Reading Development,https://readingprograms.org/Programs/,live
Institute on Disability and Human Development,https://cpfamilynetwork.org/resources/resources-guide/illinois-department-of-disability-and-human-development/,live
Instituto del Progreso Latino,https://www.institutochicago.org/apps/pages/index.jsp?uREC_ID=372467&type=d&pREC_ID=837915,live
Integrated Strategies,https://financialplanningis.com/,live
Interceders Praise Ministries,,not found
Intergenerational Literacy,https://people.bu.edu/jparator/files/ilp.html,live
International Quality Leadership Institute,https://www.abbreviationfinder.org/acronyms/iqli_international-quality-leadership-institute.html,live
International Telementor Center,https://www.downes.ca/post/1541,live
Invensys Controls,https://companies.jrank.org/pages/2187/Invensys-Plc.html,live
Iowa Health System Center for Healthy Communities,,not found
Ivy League Tutoring,https://ivyleaguetutoring.net/,live
J &R Learning Club,http://web.archive.org/web/19980207043332/crash.ihug.co.nz/complete.html,archived
JHP Community Center,https://web.archive.org/web/20031008051036/http://www.jhpcommunitycenter.org:80/,archived
JPW Newman Foundation JP2 Mentoring Club,https://www.jpwfoundation.org/,live
JT & Associates,https://www.interiordesignsswfl.com/,live
Jane Addams Center /Hull House,https://mgoblue.com/,live
Jane Addams Hull House,https://janeaddamshullhouse.org/history/,live
Jane Addams Resource Corp.,https://www.aspeninstitute.org/wp-content/uploads/2025/05/Jane-Addams-Resource-Corp.pdf,live
Janeil Communications,,not found
Jefferson Awards for Public Service,https://web.archive.org/web/20220801141926/https:/www.tester.senate.gov/public-schedule/,archived
Jefferson County Mentoring Program,https://gilchristdavis.com/attorney.htm,unverified
"Jefferson County, Arkansas, Juvenile Justice Mentoring Program",https://mgoblue.com/,live
Jewish Childrens Bureau,https://recovered.org/rehabs/bellefaire-jewish-childrens-bureau-cleveland-oh,live
Jewish Federation of Metropolitan Chicago,https://www.influencewatch.org/non-profit/jewish-united-fund-jewish-federation-of-metropolitan-chicago/,live
Jewish United Fund Jewish Federation of Metropolitan Chicago,https://fconline.foundationcenter.org/fdo-grantmaker-profile/?collection=grantmakers&key=JEWI049,live
Jewish United Fund TOV Volunteer Network,,not found
"Jewish United Fund, Jewish Federation of Metropolitan Chicago",https://www.jcfs.org/about/our-partners,live
Jobs for Youth,https://jobsforyouth.org/breakfast/,live
John Carroll University,https://www.jcu.edu/,live
John D & Catherine T MacArthur Foundation,https://www.macfound.org/about/,live
John G Shedd Aquarium,https://www.chicagoparkdistrict.com/parks-facilities/shedd-aquarium,live
John Hope Community Academy,https://www.nfhsnetwork.com/schools/john-hope-community-academy-chicago-il,live
John Whistler School,http://whistlerschool.weebly.com/,live
Johns Hopkins Hospital Youth Mentoring Program,https://web.archive.org/web/20030921031057/http://johnshopkinshospital.com:80/,archived
Johnson County Family Court,https://johnsoncountycourtrecords.org/family-court/,live
Joint Action in Community Service,https://prioritymaleinstitute.org/leadership.html,live
Jones Center Mentoring Program,"https://web.archive.org/web/20080423222039/www.people.com/people/archive/article/0,,20134797,00.html",archived
Jones Lang LaSalle Americas,https://web.archive.org/web/20100126050000/http://www.twc.edu/board_members.shtml,archived
Jordan Community School,https://www.jordan.cps.edu/,live
Jordan Webb,https://www.tiktok.com/@jordan.webbx,live
Joseph Kellman Family Foundation,https://grantedai.com/foundations/joseph-kellman-family-foundation-6206,live
Journey House,https://journeyhousetravel.com/home/,live
"Journey House, Inc.",https://journeyhouseinc.com/,live
Joy Lutheran Church,https://joy-church.org/,live
Joyce Foundation,https://www.joycefdn.org/,live
Juarez High School,https://www.maxpreps.com/il/chicago/juarez-eagles/,live
Jumpstart,https://jumpstartinc.org/,live
Jumpstart for Young Children,https://changingthepresent.org/collections/jumpstart-for-young-children-inc,live
Junior Achievement,https://jausa.ja.org/,live
Junior Achievement of Chicago,https://thedff.org/highlights/junior-achievement-of-chicago/,live
Junior League of Chicago,https://thejuniorleagueinternational.org/marketing-and-communications-award/,live
Junior Senior Scholars,https://www.positivelynaperville.com/2017/07/14/north-central-colleges-juniorsenior-scholars-program-charts-success/75969,live
Just Beginning Foundation,https://www.quiltingboard.com/main-f1/do-you-need-accurately-cut-foundation-piecing-t320134.html,live
Just Do It Mentor,http://web.archive.org/web/20081211120227/http:/kmedge.org:80/conf/futureofknowledge.html,archived
Juvenile Court of Cook County,https://www.cookcountycourtil.gov/division/juvenile-justice-division,live
"Juvenile Court of Cook County, Juvenile Justice and Child Protection Department",https://mgoblue.com/,live
Juvenile Justice Bureau,https://criminaldefenseattorneytampa.com/juvenile-matters/detention/,live
Juvenile Justice Initiative,https://www.jjustice.org/,live
KABOOM!,https://kaboom.org/,live
KIPP Ascend Charter School,https://www.cps.edu/schools/schoolprofiles/kipp-ascend,live
Kankakee School Dist 111 Foster Grandparent Volunteer,https://www.kanihelp.org/resources/foster-grandparent-program/,live
Kansas City Public Schools,https://web.archive.org/web/20220517015957/https:/princeofthequeencity.com/,archived
Kansas City Youth Friends,https://www.nkcschools.org/district/dept/community-relations/youthfriends,live
Kansas State University - Community and Mentor Programs,https://web.archive.org/web/20230415230045/collegehoopedia.com/players/bad-boys,archived
Kendall County Regional Project Success,https://mgoblue.com/,live
Key Link Technologies,https://web.archive.org/web/20130508212238/https:/www.owasp.org/index.php/Certificate_and_Public_Key_Pinning,archived
Kid Trek,https://www.amazon.com/Kid-Trek-Logbook-Curious-Explorers/dp/B0FFMB9JTZ,live
KidREACH World Vision Chicago,https://www.worldvision.org/,live
Kids Hope United,https://premierguidemiami.com/childrens-fashion-show-benefits-kids-hope-united/,live
Kids Off The Block,https://kobusa.org/about-us/,live
Kids to Careers Mentoring Games Big World Productions,https://mgoblue.com/,live
KidsWay,https://kidsway.ca/,live
Kidz Express,https://kidzexpress.org/,live
KidzAmerica,https://www.kidzamerica.net/about-us,live
Kinship of Milwaukee,,not found
Knights of Omega Mentoring,https://mgoblue.com/,live
Knowledge Learning Organization,https://www.nhl.com/info/teams/,live
KnowledgePoints,https://knowledgepoints.com/,live
KnowledgeWorks,https://knowledgeworks.org/,live
L & L Publishers,https://magicref.net/magicbooks/books/gansonlewismagicofslydini.htm,live
LBL Strategies,https://www.lblstrategies.com/,live
LEAP To Language Foundation,https://www.aalas.org/national-meeting,live
LIFELINK,https://www.lifelink.org.uk/how-we-can-help/adults/,live
LINK Unlimited,https://www.prweb.com/releases/link-unlimited-scholars-brings-human-centered-design-training-to-chicago-youth-with-immersive-camp-885813651.html,live
LJM Foundation,https://ljmfoundation.org/,live
LSC West Pullman,https://mgoblue.com/,live
LSI Mentoring & Tutoring Service,,not found
LULAC National Educational Service Center,https://www.lulacelpaso8.org/lulac-national-educational-service-cente,live
La Paz Learning Community,https://archive.org/details/ERIC_ED598063,live
La Vilita Community Church,,not found
LaVillita Community Church,https://techforlife2015.wordpress.com/,live
Lafayette Academy Charter School,https://www.publicschoolreview.com/lafayette-academy-charter-school-profile,live
"Lafayette Co, KS - Youth Friends, Westside Community Center",,not found
Lake County Health Department,https://lake.floridahealth.gov/,live
Lake County Regional Office,https://www.lake.k12.il.us/,live
Lake County Regional Office  of Education,https://www.lake.k12.il.us/,live
Lake County Regional Office Of Education,https://www.lake.k12.il.us/,live
Lake County Regional Office of Education,https://www.lake.k12.il.us/,live
Lake County Regional Office of Education PASS ( Positive Alternative Students Services),,not found
Lake Meadows Apartments,https://www.thelakemeadows.com/neighborhood/,live
Lakeside Community Committee Teen Parenting Program,https://www.skiutah.com/snowreport/,live
Lamp A Youth Mentoring Program,,not found
Larimer County Department of Human Services LIFE SKILLS,https://mgoblue.com/,live
Lathrop Academy,https://www.joinchargeback.com/cancels/how-to-cancel-lathrop-schools,live
Lathrop Homes-Parent Mentor program,,not found
Latino Education Alliance,https://prezi.com/fxmgkh9fblrs/kentucky-latino-education-alliance/,live
Latino Youth,https://www.prb.org/resource/well-being-of-u-s-latino-youth-differs-by-ethnic-background/,live
Latino Youth High School,http://lyhs.org/about-us/mission-and-vision/,live
Law Offices of David S Morris,https://web.archive.org/web/20150711162625/www.natlawreview.com/article/supreme-court-limits-scope-honest-services-statute-skilling-v-united-states,archived
Lawndale Christian Academy,https://www.lawndalehs.org/,live
Lawndale Christian Development Corp College Opportunity Program,https://mgoblue.com/,live
Lawndale Christian Legal Center,,not found
Lawndale Christian Reformed Church,https://www.rca.org/about/history/archives/historical-series-books/,live
Lawndale College Opportunity Program,https://mgoblue.com/,live
Lawndale Community Church AfterSchool Program,https://www.lawndalehs.org/apps/pages/index.jsp?uREC_ID=4325171&type=d&pREC_ID=2616347,live
Lawndale Service Scholars,,not found
Lawrence Hall Youth Services,https://www.findingschool.com/lawrence-hall-youth-services,live
"Lawyers Lend A Hand Program, Butler Rubin Saltarelli & Boyd",,not found
"Lawyers Lend A Hand Program, Chicago Bar Association",https://mgoblue.com/,live
"Lawyers Lend A Hand Program, Chicago Bar Foundation",https://www.isba.org/public/cantaffordalawyer,live
Lawyers Lend A Hand to Youth,https://www.lawyerslendahand.org/,live
Lawyers Lend A Hand to Youth / Corboy & Demetrio,https://www.corboydemetrio.com/Charitable_Contributions_by_Attorneys_and_Staff,live
Lawyers Lend A Hand to Youth Program c/o The Chicago Bar Association,https://www.lawyerslendahand.org/,live
"Lawyers Lend A Hand to Youth Program, Donald Hubert & Associates",https://mgoblue.com/,live
"Lawyers Lend A Hand to Youth Program, Marsh USA",https://mgoblue.com/,live
"Lawyers Lend A Hand to Youth Program, c/o Chicago Bar Foundation",https://www.lawyerslendahand.org/,live
"Lawyers Lend A Hand to Youth Program, c/o The Chicago Bar Association",,not found
"Lawyers Lend A Hand to Youth, Chicago Bar Foundation",https://www.amherst.edu/system/files/media/CBA%20Record%20Review%20of%20The%20Cottoncrest%20Curse.pdf,live
"Lawyers Lend A Hand, Chicago Bar Foundation",,not found
"Lawyers Lend A Hand, Corboy & Demetrio",https://mgoblue.com/,live
"Lawyers Lend a Hand to Youth  Program, The Chicago Bar Foundation",,not found
"Lawyers Lend a Hand to Youth Program, Chicago Bar Foundation",https://mgoblue.com/,live
Leadership Council for Metropolitan Open Communities,http://loyolacurl.squarespace.com/projects/leadership-council-for-metropolitan-open-communities-history.html,live
Leadership in Tutoring,https://www.qualifiedtutor.org/pay-attention-is-it-time-for-parents-to-give-tutoring-more-headspace-love-tutoring-think-tank-may-2023-qt-paper/,live
Leahigh Valley College,,not found
Leap Learning Systems,https://www.leapinnovations.org/llf,live
Learner Success Associates,https://mgoblue.com/,live
Learning Enhancement Corporation,https://contactout.com/company/Learning-Enhancement-Corporation-56834,live
Learning Journeys ConsultingService,https://www.learningjourneys.com/,live
Learning Point Associates,https://www.adlit.org/profile/learning-point-associates,live
Leclaire M B Church,https://whiteeagleflowers.net/pages/same-day-flower-delivery-leclaire-mb-church,live
Legacy Creators LL,https://web.archive.org/web/20130124095442/www.1up.com/features/disappearance-suzuki-part-1,archived
Legacy Foundation,https://mayor.dc.gov/release/mayor-bowser-unveils-marion-barry-jr-legacy-murals,live
Legacy Mortgage,https://www.legacymortgage.com/products,live
Legacy Resource Group,https://techcommunity.microsoft.com/blog/itopstalkblog/how-to-manage-existing-azure-resource-groups-using-terraform/1648135,live
Lehigh Valley,https://www.discoverlehighvalley.com/about-us/organization-history/,live
Lehigh Valley Hospital,https://www.lvhn.org/locations/lehigh-valley-hospital-macungie,live
"Lehigh Valley Hospital - Akouo, Inc",https://www.lvhn.org/,live
"Lewis University, Leckrone Academic Resource Center",https://alumnius.net/depaul_university-8254-360,live
Liberty Baptist Church,https://www.libertybconline.org/staff,live
Liberty Baptist Church - Youth Ministry/Afterschool Program,,not found
Life Change Projects,https://goodtogochallengesforchange.wordpress.com/tag/life-changes-project-management-making-change-happen/,live
Life Directions,https://www.lifedirections.org/,live
Life Learners,https://www.lifelearners.online/category/life-learners/,live
Lifelink,https://lifelinktissuebank.org/,live
Lifelink Bensenville Home Sociaty,https://www.liveyourretirement.com/home/lifelink,live
Lightbulb Learning Center,https://www.lightbulbliteracy.com/,live
Lillian's House,https://web.archive.org/web/20080420154202/www.beyondmarriage.org/signatories.html,archived
Lillian’s House,https://lillian-house.com/,live
Lincoln Area YMCA,https://www.lincolnymca.org/,live
Lincoln Initiative for Tutoring LIFT,,not found
Lincoln Jr High School,https://www.greatschools.org/illinois/skokie/3742-Lincoln-Jr-High-School/,live
Lincoln Park HS Tutorial Services,,not found
Lincoln Park High School,https://www.lincolnparkhs.org/,live
Lincoln Park High School Tutorial Services,,not found
Lincoln's Challenge Program,https://www.illinois.gov/services/service.lincolns-challenge-academy.html,live
Lincolns Challenge Academy,https://www.tiktok.com/discover/lincolns-challenge-academy-rantoul-il,live
Lincolns Challenge Program,https://www.gospelengine.com/press/forum,live
Lincoln’s Challenge Program,https://web.archive.org/web/20180114160104/www.pbs.org/wgbh/nova/space/black-hole-apocalypse.html,archived
Literacy Chicago,https://literacychicago.org/,live
Literacy Volunteers of America,https://www.lvaep.org/,live
Literacy Volunteers of Illinois Jump Start,https://bearsofficialsstore.com/company/literacy_volunteers_of_illinois,unverified
Literacy Works,https://www.litworks.org/,live
Literature for All of Us,https://literatureforallofus.wordpress.com/tag/literature-for-all-of-us/,live
Little City Foundation,https://littlecity.org/,live
Logan Square Jubilee Ministries Church of the Advent,,not found
Logan Square Neighborhood Association,https://www.lsnaphilly.org/,live
Logos International,https://www.zeffy.com/organization/logos-international-louisiana,live
Long Beach BLAST,https://lbblast.org/,live
Longfellow School,https://www.op97.org/longfellow,live
Love Outreach AME Church,https://chicagoleader.com/wp-content/uploads/2021/12/Chicago-Leader-2021-Media-Kit-3.pdf,live
Love Outreach AME Church World Vision Chicago KidREACH,,not found
Lowell School,https://www.thelowellschool.com/about/,live
Loyola University,https://www.loyola.edu/,live
Loyola University Chicago Policy Research Action Group,https://ecommons.luc.edu/curl_pubs/20/,live
Loyola University GEAR UP,https://allstars.org/wp-content/uploads/2019/12/FINAL-to-print-All-Stars-ASD-Conference-2019-Program.pdf,live
Loyola University Gear Up,https://mgoblue.com/,live
Loyola University Literacy Center,https://www.italki.com/vi/teacher/2917584,live
"Loyola University of Chicago, Center for Urban Environmental Research & Policy",,not found
"Loyola University, Gear Up",https://allstars.org/wp-content/uploads/2019/12/FINAL-to-print-All-Stars-ASD-Conference-2019-Program.pdf,live
"Loyola University, Mallinckrodt Campus",https://www.landmarks.org/preservation-programs/most-endangered-historic-places-in-illinois/,live
"Lutheran Child & Family Service, Group Home for Teens",https://web.archive.org/web/20120331181604/www.courierpress.com/news/2011/nov/07/nexstar-cuts-several-news-jobs-local-tv-station-we/,archived
Lutheran Family Services,https://www.onelfs.org/,live
Lutheran Social Services,https://web.archive.org/web/20231130194120/https:/www.169fw.ang.af.mil/News/Commentaries/Article/454160/holocaust-remembrance-week/,archived
Lutheran Social Services of Illinois Family Connections,,not found
Lutherfaith Refugee & Immigration Ministries,https://www.r-i-m.net/,live
Luthern Child & Family Services,https://www.eventbrite.com/e/learn-about-becoming-a-foster-parent-with-lutheran-child-family-services-tickets-910743086087,live
Lydia Home Association,https://www.lydiahome.org/,live
Lyons Township High School,https://www.lths.net/,live
MACC,https://linktr.ee/macc_official,live
MECCA Services Prevention,https://web.archive.org/web/20170823195443/raigad.nic.in/DG/1964/his_mediaeval_period.html,archived
MENTOR The National Mentoring Partnership,https://mentoring.org/,live
MERIT School of Music,https://meritmusic.org/,live
MERIT School of Music: Music Education Reaching Instrumental Talents,https://meritmusic.org/,live
MGR Foundation,http://mgr.org/,live
MJ Scott Search Partners,https://www.kirkpalmer.com/team/mj-scott/,live
MSD of Martinsville,https://msdofmartinsville.org/community/,live
MTL Educational Consulting,,not found
"MYKIDS Mentor Program, Marion County Prosecutors Office",https://www.indy.gov/agency/marion-county-prosecutors-office,live
Madison County Probation & Court Services,https://madisoncounty.illinois.recordspage.org/,live
Maine Medical Center Dept of Volcational Service,https://mmcvs.entellitrak.com/etk-mmcvs-prod/login.request.do,live
Maine West High School,https://west.maine207.org/contact/,live
Male Involvement Program,https://www.plannedparenthood.org/planned-parenthood-orange-san-bernardino/better-than-sex-ed/male-involvement,live
Male Responsibility Program Employee & Family Resources,https://mgoblue.com/,live
Maple Park United Methodist Church Reading For Life (RFL),,not found
"Mar Vista Family Center, Culver City, CA",https://www.nld.org/mar-vista-family-center?student=1,live
Marconi Community Academy,https://schoolinfo.cps.edu/SchoolActions/Download.aspx?fid=2772,live
Marcy Newberry Association,https://headstartprograms.org/programs/edit/id/37931,live
Marillac House,https://www.vic.gov.au/marillac-house,live
Marillac Social Center,https://msvchicago.org/,live
Marketplace Entrepreneurs Initiative,https://web.archive.org/web/20110704110715/http:/www.sciencedebate.org/debate08.html,archived
Markham Public Library,https://www.markhamlibrary.org/,live
Mars Hill Baptist Church Youth Mentoring Program,http://web.archive.org/web/20061212165625/www.nisbco.org/biblio_A-H.htm,archived
Marshall Field Garden Apartment Homes,https://www.marshfieldapt.com/,live
Marshall High School,https://mhs.marshallpublicschools.org/students,live
Martin Luther King Jr Community Service,https://radiokingston.org/en/events/rev-dr-martin-luther-king-jr-community-service,live
"Martin Temple AME Zion Church - S.T.E.E.P., Project",,not found
Martin Temple AME Zion Church S T E E P Project,,not found
"Martin Temple AMJ,  S.T.E.E.P., Inc.",https://www.martintemplechicago.com/,live
Marwen,https://marwenarts.wixsite.com/blog/post/our-new-website-a-home-for-marwens-stories,live
Marwen Foundation,"https://www.causeiq.com/organizations/marwen,363523622/",live
Mary Crane Center,https://marycrane.org/,live
Mary Gerace Enterprises,https://marygerace.net/,live
Mary McDowell Settlement House,https://www.sargentshriver.org/archive/speeches/address-to-the-mary-mcdowell-settlement-house,live
Mary's Kids,https://kr.pinterest.com/mattwalker2016/marys-kids/,live
Maryville Academy,https://maryvilleacademy.org/,live
Mary’s Kids,https://www.stmaryskids.org/,live
Master Innovations,https://play.google.com/store/apps/dev?id=4671330639348436036&hl=en-US,live
"Math and Science Academy, Rowe-Clark",https://www.ncsasports.org/softball-recruiting/illinois/chicago/roweclark-math-and-science-academy,live
Matthew Manor Partnership,https://web.archive.org/web/20100416161127/newteevee.com/2010/04/12/google-to-open-source-vp8-for-html5-video/,archived
Mayors Office for People w Disabilities,https://www.chicago.gov/city/en/depts/mopd.html,live
Maywood Youth Mentoring Program,https://maywoodyouthmentoring.org/,live
Mc Mortgage Banc Dollars for Scholars,https://public.dollarsforscholars.org/,live
McCormick Theological Seminary,https://www.mccormick.edu/,live
McCormick Theological Seminary Safe Haven/Gun Violence,https://mgoblue.com/,live
McCutcheon Elementary School,https://mccutcheon.cps.edu/about/,live
McDonalds Owner,https://www.tiktok.com/discover/whats-the-mcdonalds-owner-name,live
McGaw YMCA,https://www.mcgawymca.org/,live
McGaw YMCA A Grassroots Aspen Experience,,not found
McGaw YMCA Project SOAR,https://www.centre.edu/documents/cvkiyonabrewsterpdf,live
McHenry County Youth Service Bureau Mentoring Program,,not found
McKendree College,https://www.mckendree.edu/about/about-mck/history/index.php,live
McKendree College - We Care Tutor,,not found
McLennan Partners,http://web.archive.org/web/19980207043332/crash.ihug.co.nz/complete.html,archived
"Media Workshop, New York",https://www.einpresswire.com/article/619583441/david-halperin-s-media-workshop-celebrates-175-000-photo-site-visitors,live
Meier Clinics Foundation,http://www.nonprofitfacts.com/IL/Meier-Clinics-Foundation.html,live
Meliora,https://us.parfums-de-marly.com/products/meliora?variant=40036849516738&ref=popsugar.com,live
Men Expressing Christ,https://cutemple.org/men-expressing-christ/,live
Mental Health Association In Illinois,https://greatnonprofits.org/org/mental-health-association-in-illinois,live
Mentor Department Bounce for Joy Project,https://mgoblue.com/,live
Mentor Illlinois One Family One Child,,not found
Mentor Program - Village of Mt Prospect,,not found
Mentoring America,https://www.mentoringamerica.org/,live
Mentoring Center of Palm Beach Country Childrens Services Council of Palm Beach County,https://www.cscpbc.org/,live
Mentors at Work,https://www.ccl.org/articles/leading-effectively-articles/mentoring-at-work-how-and-why-to-make-it-work-for-your-organization/,live
Mentorship Institute,https://thementoree.com/,live
"Mercy Home for Boys & Girls, FRIENDS FIRST",https://www.slideshare.net/mercyhome?nway-conten=,live
"Mercy Home for Boys & Girls, Friends First",https://www.slideshare.net/mercyhome?nway-conten=,live
Mercy Home for Boys and Girls,https://www.mercyhome.org/search/,live
Mercy Home for Boys and Girls - Friends First,https://chicago.suntimes.com/2016/6/24/18433136/mentoring-helps-chicago-teen-turn-his-grades-around,live
Mercy Home for Boys and Girls Friends First,https://chicago.suntimes.com/2016/6/24/18433136/mentoring-helps-chicago-teen-turn-his-grades-around,live
"Mercy Home for Boys and Girls, Friends First",https://chicago.suntimes.com/2016/6/24/18433136/mentoring-helps-chicago-teen-turn-his-grades-around,live
Mercy Home for Boys and Girls/Friends First,https://chicago.suntimes.com/2016/6/24/18433136/mentoring-helps-chicago-teen-turn-his-grades-around,live
"Mercy Home for Boys, Friends First","https://web.archive.org/web/20070705215723/www.tls.timesonline.co.uk/article/0,,25336-2647083,00.html",archived
Mercy Homes for Boys & Girls,https://vimeo.com/630118521,live
Mercy Housing,https://www.mercyhousing.org/,live
Merit Music Program,https://meritmusic.org/,live
Merrill Baptist Church,https://www.mapquest.com/us/oregon/merrill-baptist-church-408584768,live
"Merrill Baptist Church, My Brothers Keeper Youth Outreach Program",https://www.obama.org/programs/my-brothers-keeper-alliance/,live
"Merrill Lynch, Cabrini Connections, Tutor/Mentor Connection",https://mgoblue.com/,live
"Messalonskee Middle School, Oakland, ME",https://www.schools-info.com/oakland-me/messalonskee-middle-school/,live
MetLife,https://www.metlife.com/,live
Metro Achievement Center,https://www.midtown-metro.org/metro-for-girls,live
MetroSquash,https://metrosquash.org/,live
Metropolitan Family Services,https://www.metrofamily.org/,live
"Metropolitan Family Services, Blue Skies Tutoring Program",,not found
Metropolitan Water Reclamation Dist,https://geohub.mwrd.org/,live
Mexican Community Committee of Chicago,,not found
Mi Casa Resource Center for Women,https://askjan.org/organizations/Colorado-Mi-Casa-Resource-Center-for-Women.cfm,live
Michael Herman Associates,https://michaelherman.com/ia/home/experience/,live
Michelle Clark Middle School,https://www.pbcchicago.com/projects/michelle-clark-middle-school/,live
Michigan City Area Chamber of Commerce,https://web.iceaonline.com/Chamber-of-Commerce/Michigan-City-Area-Chamber-of-Commerce-55,live
Michigan City Area Schools,https://www.educatemc.net/,live
"Michigan State University, Extension Journey Program",https://web.archive.org/web/20201122125155/https:/skepticalinquirer.org/2013/01/the-secret-life-of-j-allen-hynek/,archived
Micro Business Development Program,https://mbdp.org/who-we-serve,live
MidAmerica Leadership Foundation,https://www.nonprofitlist.org/det/44698_midamerica-leadership-foundation,live
Midtown Center,https://oneparking.com/properties/midtown-center/,live
Midtown Educational Center,https://web.archive.org/web/20130715154824/www.newsobserver.com/2011/09/04/1459661/hamlet-fire-defines-and-divides.html,archived
Midtown Educational Foundation,https://www.midtown-metro.org/,live
Milwaukee Rescue Mission,https://milmission.org/,live
Milwaukee Violence Free Zone,https://mccwi.org/what-we-do/violence-prevention/,live
Mission Press,https://www.mariannhillpress.co.za/,live
Mississippi Faith Based Coalition,https://msfbc.wordpress.com/,live
Moji,https://linktr.ee/mojimusiclinks,live
"Morgan State  University, Urban Educational Leadership & Policy",https://www.morgan.edu/advanced-studies-leadership-and-policy/programs/urban-educational-leadership,live
Mortgage1Network,https://www.bankofamerica.com/mortgage/home-mortgage/,live
Morton College Gear-Up Alliance,https://mgoblue.com/,live
Mosaic Marketing Management,https://mosaicm.ae/,live
Motherland Connection International,https://athletics.houghton.edu/sports/baseball,live
Mott Childrens Health Center,https://www.naics.com/company-profile-page/?co=11719,live
Moving In The Spirit,https://movinginthespirit.org/,live
Mt Carmel CME Church CAPTURE THE VISION,https://mgoblue.com/,live
Mt Sinai Health Systems,https://www.mountsinai.org/,unverified
Mulatto Patriot Productions,https://mptracks.com/,live
Mullen Elementary School,https://www.mullenpublicschools.org/,live
Murray State College America Reads Program,https://mgoblue.com/,live
Museum of Science and Industry,https://www.griffinmsi.org/amenities/dining-and-shopping,live
Music Theater Workshop,https://summer.berklee.edu/programs/musical-theater-workshop,live
Muskegon Community College tudent Government,https://www.muskegoncc.edu/,live
Muskogee Housing Authority,https://www.muskogeehousing.org/,live
Mutual of Omaha Medicare,https://www.seniorliving.org/insurance/medigap/mutual-of-omaha/,live
My Brother's Keeper Youth Outreach Program,,not found
My Brothers Keeper Youth Outreach Program,,not found
MyLifeCircle com,https://www.419scam.org/emails/2006-09/21/index.htm,live
NAIM Community Mentoring,,not found
NEIU Chicago Teachers Center/21st Century Community Learning Center,,not found
NFL,https://www.nfl.com/,live
"NFL, Northwestern University, Jones Lang LaSalle Americas",https://nusports.com/,live
"NFL, University of Illinois",https://ru.pinterest.com/unisunn/university-of-illinois-at-urbanachampaign-fighting/,live
NRVC,https://nrvc.net/publication/4957-nrvc-board-and-staff,live
Naelewa Conseling Services,,not found
Nash Elementary School,https://www.kusd.edu/nash/,live
Natchez Adams County Economic Development Authority,https://www.natchezdemocrat.com/2000/05/02/supervisors-plan-trip-to-promote-economic-development-in-county/,live
Nathan Goldblatt Elementary School Paideia Program,,not found
Nation of Obesline YHWH,,not found
National Black MBA Association,https://nbmbaa.org/conference/hotel-travel/,live
National Black Wall Street Chicago,http://www.nationalblackwallstreetchicago.org/,live
National CARES Mentoring Movement,https://www.caresmentoring.org/,live
National Center for Family Literacy,https://www.ncsall.net/index.html@id=296.html,live
National Center for Latinos,https://www.ncctinc.com/,live
National Distributors,https://www.nat-dist.com/about-us/,live
National Federation of the Blind of Illinois,https://www.nfbofillinois.org/who-we-are,live
National Foundation for Teaching Entrepreneurship,https://askjan.org/concerns/Entrepreneurship-Associations-and-Organizations.cfm,live
National Puerto Rican Forum,https://smtnet.com/company/index.cfm?fuseaction=view_company&company_id=40480,live
National Tutoring Association,https://www.amherst.edu/academiclife/support/peer-tutoring/information-for-peer-tutors-and-tas/national-tutoring-association-code-of-ethics,live
Near NW Civic Committee - Mr. Moose’s Youth Center,https://www.chicagoresourcehub.com/wp-content/uploads/2016/03/chicago-neighborhood-resource-directory.pdf,live
Near NW Civic Committee Career Links Mentor Program,https://www.careerexplorenw.org/,live
Near North Development Corporation,https://indychamber.com/2024/09/29/president-search-open-for-near-north-development-corp/,live
Near North High School,https://jonrev.com/2020/07/09/nnhs/,live
Near North Little League,https://magazine.nd.edu/stories/a-hard-bounce-to-the-screen/,live
Neighborhood Capital Budget Group,https://www.chalkbeat.org/philadelphia/2003/3/12/22186043/getting-involved-fixing-school-buildings/,live
Neighborhood Schools Program,https://nsp.uchicago.edu/tutor-match,live
Neighborhood and Family Initiative,https://www.virascience.com/document/aa0b6b9d5bcf3e1c809abd72e658616a9c1b4266/,live
Nelson Barry Graphics c o RB Marketing Services,https://www.republicservices.com/,live
Neon Street Center,https://heartlandhumancareservices.org/program/neon,live
Nettelhorst Elementary School,https://www.greatschools.org/illinois/chicago/1259-Nettelhorst-Elementary-School/,live
New Calvary Baptist Church Community Complex,https://mgoblue.com/,live
New Community Covenant Church,https://newcommunitycovenant.com/,live
New Concept Self Development Center,https://urbanmilwaukee.com/2023/12/08/after-48-years-self-development-center-closing/,live
New Concepts Tutor Mentor Connection,http://www.nonprofitfacts.com/IL/New-Concepts-Tutor-Mentor-Connections.html,live
New Concepts Tutor/Mentor Connection,https://www.ed.gov/sites/ed/files/programs/gearup/abs-partner-05.doc,live
"New Concepts, Tutor/Mentor Connection",https://www.ed.gov/sites/ed/files/programs/gearup/abs-partner-05.doc,live
New Direction Outreach,https://www.newdirectionministries.com/,live
New Expression,https://en.cppreference.com/w/cpp/language/new.html,live
New Hope Community Service Center Youth Connections,https://bloomington.in.gov/parks/facilities/banneker-community-center,live
New Life Social Services,https://greatnonprofits.org/org/new-life-social-services,live
New Mercies Community Services,https://www.mapquest.com/us/illinois/new-mercies-community-services-404826496,live
New Moms,https://newmoms.org/,live
NewTestament Faith Church,https://tr.pinterest.com/pin/593912269649217622/,live
Nike,https://www.nike.com/men,live
Noah Learning Center,https://www.tamanbacaanpelangi.com/2010/05/30/130-books-from-noah-learning-center/,live
Nonprofit Ingenuity,https://www.idealist.org/en/nonprofit/7e07360828c742508fb25a6ffc17fb28-ingenuity-incorporated-chicago,live
Nonprofitable org,http://nonprofitable.org/,live
North Central College,https://www.northcentralcollege.edu/tay-talks,live
North Central College - Junior Senior Scholars,https://www.slideserve.com/shiro/bioinformatics-education-at-north-central-college,live
North Cook Young Adult Academy,https://www.ncisc.org/ncyaa,live
North Kenwood Oakland Charter Elementary School,https://chicagohistoricschools.wordpress.com/2014/01/09/ariel-community-academy-and-north-kenwood-oakland-charter-elementary-school-formerly-shakespeare-school/,live
North Lawndale Early,https://jobs.chalkbeat.org/jobs/north-lawndale-early-learning-center-prek-assistant-level-4-ece/,live
North Lawndale Learning Community,http://www.nonprofitfacts.com/IL/North-Lawndale-Learning-Community.html,live
North Star Mission,https://substack.garysheng.com/p/looking-for-a-mission-to-pursue-try,live
North Town Youth Net Near North Development Corporation,https://web.archive.org/web/20150122151305/www.polygon.com/a/life-in-japan/Hideki-Kamiya-Scalebound,archived
Northeastern Illinois University,https://www.neiu.edu/academics/programs,live
Northeastern Illinois University - Chicago Teacher's Center,https://www.idealist.org/en/nonprofit/12fde0d7a3d9465299d54242bdfca92b-chicago-teachers-center-at-northeastern-illinois-university-chicago,live
"Northeastern Illinois University, Chicago Teachers Center",https://ferialibrochicago.blogspot.com/,live
"Northeastern Illinois University, Chicago Teacher’s Center",https://web.archive.org/web/20030125211455/http://www.northeasternillinois.com:80/,archived
"Northeastern Illinois University, GEAR Up",https://mgoblue.com/,live
Northeastern Illinois University/Chicago Teacher’s Center,https://web.archive.org/web/20030125211455/http://www.northeasternillinois.com:80/,archived
Northeastern University,https://www.northeastern.edu/,live
Northlake Childrens Learning Center,https://www.northlakell.org/site,live
Northwest Community Center,https://web.archive.org/web/20100925051716/http://cityoforlando.net/elected/venues/amwayctrevents.htm,archived
Northwest Regional Educational Laboratory,https://educationnorthwest.org/insights/education-northwest-celebrates-50-years-video-and-timeline-major-milestones,live
"Northwest Settlement House, AmeriCorps Project YES!",https://mgoblue.com/,live
Northwestern University Center for Civic Engagement,https://www.idealist.org/es/ong/b6dab25bee2a42838c828b713a341e45-center-for-civic-engagement-northwestern-university-evanston,live
Northwestern University Kellogg Center for Nonprofit Management,,not found
Northwestern University Law School - Children and Family Justice Center,https://www.mybkexperience.com/,live
Northwestern University Public Interest Program,https://www.nupip.org/about/,live
Northwestern University School of Journalism,https://www.theatlantic.com/magazine/archive/1950/01/fishing-with-the-french/639894/,live
Northwestern University School of Law,https://www.law.northwestern.edu/,live
Northwestern University Settlement House - AmeriCorps Project YES!,,not found
Northwestern University Settlement House Americorps Project YES!,https://mgoblue.com/,live
Northwestern University Settlement House Project YES!,,not found
"Northwestern University, Campus Catalyst",https://mgoblue.com/,live
"Northwestern University, Kellogg Center for Nonprofit Management",,not found
"Northwestern University, NUPIP",,not found
"Northwestern University, School of Education and Social Policy",https://ethicsalarms.com/2025/12/29/unethical-website-of-the-month-northwestern-university-school-of-education-and-social-policy/,live
"Northwestern University, The Center for Urban School Policy",https://www.maenwatches.com/,live
Notre Dame AmeriCorps Chicago,https://www.idealist.org/en/nonprofit/dd5d65b3b7e4402a8eed35988de67736-notre-dame-americorps-chicago-chicago,live
O2 Cool  - Cool by Design,https://www.amazon.com/O2COOL-Multi-Pack-Personal-Battery-Powered/dp/B097Q7Q327,live
OASIS,https://www.oasisinet.com/,live
OMNI Youth Services,https://www.opencounseling.com/illinois/buffalo-grove/counseling-agency/omni-youth-services,live
Oak Park Public Schools,https://oakparkschools-cdn.fxbrt.com/district/oak-park-history/,live
Oak Park River Forest High School,https://www.greatschools.org/illinois/oak-park/3127-Oak-Park--River-Forest-High-School/,live
Oakdale Community Development Corporation,https://www.oakdalecov.org/leadership,live
Office Depot,https://www.officedepot.com/;forceMobile=true/,live
Office Max Community Relations,https://www.officedepot.com/;/”/,live
Office of State Rep Rich Bradley,https://web.archive.org/web/20220801141926/https:/www.tester.senate.gov/public-schedule/,archived
Ohio State University,https://www.osu.edu/impact/life-at-ohio-state/hidden-in-plain-sight,live
Olive Harvey College,https://www.ccc.edu/olive-harvey/home/,live
Omega Project,https://www.omegaprojectpt.com/,live
OmniScope,https://www.omniscope.ai/,live
On Time Solutions,https://www.otsva.com/,live
One-Church One-School,https://www.onechurchoneschool.org/,live
One80,https://serverfault.com/questions/904932/nginx-err-too-many-redirects-after-installing-ssl,live
Onward Neighborhood House,https://onwardhouse.org/,live
Open Books,https://www.open-books.org/,live
Operation Excel Afterschool Program,https://afterschoolhq.com/OperationXCEL/browse,live
"Opportunities, Jobs, Careers",https://www.boge.com/en-de/jobs-careers/,live
"Opportunities, Jobs, Careers (OSC)",https://mgoblue.com/,live
Ordinary People International NFP,https://greatnonprofits.org/org/ordinary-people-international-nfp,live
"OrgNet,com",http://orgnet.com/,live
Orions Mind,https://soundcloud.com/orionsproducer00/orions-mind-field-original-mix,live
Orr High School,https://orrhs.oldrochester.org/,live
Oscar White Community Service,https://web.archive.org/web/20231020012220/https:/www.artforum.com/columns/open-letter-art-community-cultural-organizations-518019/,archived
Ounce of Prevention Fund,https://www.ounce.org/,live
Our Next Generation,https://www.ongkids.org/,live
Outreach Center in Carol Stream,https://edition.cnn.com/2000/LOCAL/westcentral/08/02/ahd.crime.nightout/index.html,live
Outreach Community Center,https://hhocc.org/community-connection,live
Outreach Community Services,https://www.idealist.org/en/nonprofit/04492759d64c423ab5c397050affe1dd-larry-m-trice-sr-community-outreach-services-lansing,live
Over Comers Safe Haven Ministries,https://safehavenministries.org/services/,live
Owens Corning,https://www.owenscorning.com/en-us,live
P E T S,https://www.peta.org/,live
PCC Community Wellness Centers,https://kapsamedical.com/pcc-wellness-login,live
PCC Westside Community Wellness Centers,https://www.pcc.edu/,live
PIC Teaching Collective,https://www.thepicis.org/about-us/,live
PLCCA TEEN REACH,https://www.dhs.state.il.us/page.aspx?item=160411,live
PLCCA Youth Services,,not found
PURE (Parents United for Responsible education),https://www.resist.org/grantees/parents-united-for-responsible-education-pure,live
Pace Bus System - Organization Development,,not found
Pace Suburban Bus Service,https://www.mapquest.com/us/illinois/pace-suburban-bus-service-357524635,live
Pacific Insitute for Research and Evaluation,https://pmc.ncbi.nlm.nih.gov/articles/PMC6980270/,live
"Pahokee, Florida Housing Partnership",,not found
Parish School,https://parishschool.org/,live
Park Community Church,https://www.parkcommunity.org/,live
Park Manor Alumni Association,https://mgoblue.com/,live
Parkside School,https://ps130brooklyn.com/,live
Parkway Community House,https://archives.chipublib.org/agents/corporate_entities/814,live
Parkway Garden Tenant Service,https://www.ucnj.com/,live
Partners in Community Development,https://buttscountyga.com/planning-and-development/,live
Partnership to Educate and Advance Kids,https://cloztalk.com/collections/partnership-to-educate-and-advance-kids,live
Paso Adelante Mentoring Program NYOS Charter School,,not found
Passages Alternative Living Programs,https://www.marketscreener.com/insider/JESSIE-B-RUCKER-A22YAW/,live
Pathways to Development Program,https://web.archive.org/web/20210121112556/https:/www.cto.mil/kratsios-georgetown-cset/,archived
Patticake Childcare Center & Preschool,https://mgoblue.com/,live
Peace Maker Partnership Each One Reach One Child,https://volunteerinfo.org/each-one-reach-one/,live
Peanuts Playhouse,https://thepeanutsplayhouse.com/,live
Pease Lake Associates,,not found
Peggy Notebaert Nature Museum,https://naturemuseum.org/,live
Peoples & Associates,https://www.pase.com/,live
Peoples Church,https://peopleschurchsalem.churchcenter.com/giving,live
Peoples Energy Corporation,https://www.referenceforbusiness.com/history2/60/PEOPLES-ENERGY-CORPORATION.html,live
Peoria Public Schools,https://www.peoriapublicschools.org/o/pps/page/enrollment,live
Peoria Public Schools Adopt A School Program,https://idoc.pub/documents/lesson-plans-for-life-6nq9o1kzwplw,live
Peoria Public Schools Adopt-A-School Program,https://idoc.pub/documents/lesson-plans-for-life-6nq9o1kzwplw,live
"Peoria Public Schools, Adopt A School Program",https://idoc.pub/documents/lesson-plans-for-life-6nq9o1kzwplw,live
Peterson School,https://www.petersonschool.com/?trk=public_profile_project-button,live
Phil White Mentoring Ltd,https://www.gymshark.com/collections/all-products/womens,live
Pilsen Assemblies of God,https://www.7cups.com/local/us/il/chicago/faith/pilsen-assemblies-of-53226409633,live
Pilsen Coalition for Families,https://www.maenwatches.com/,live
Pilsen Inner City Kids,,not found
Pilsen Neighbors Community Council,https://pilsenneighbors.org/,live
Pine Avenue United Church,https://www.chicagoflowersdelivery.com/churches-temples-mosques-synagogues-and-wedding-chapels/pine-avenue-united-church/,live
Pine Elementary School,https://pine.educatemc.net/,live
Pioneer Press Skyline,https://www.iarcagallery.com/press-release,live
Pledge for Life,https://www.pledgeforlife.org/,live
Polish American Association,https://www.polish.org/en/,live
Polished Pebbles,https://polishedpebbles.com/,live
Polk Bros Foundation,https://www.polkbrosfdn.org/,live
Port Ministries,https://www.theportministries.org/,live
Portage County Health and Human Service Department,,not found
Portland Mentoring Alliance,https://uwsme.galaxydigital.com/agency/detail/?agency_id=56734,live
Power 4 Youth,https://p4yeurope.blogspot.com/,live
Power Skills Training,https://rebelsguidetopm.com/how-to-earn-leadership-pdus-for-pmp-renewal/,live
Prairie State College,https://prairiestate.edu/,live
Prairie State College Dept of Adult Education,,not found
Pratt Richards Group,https://www.prattrichardsgroup.com/,live
Prep University,https://anointedfire.com/esther-prep-university/,live
Prepaid Legal Casualty,https://www.legalshield.com/,live
Presbyterian Church Day Care Afterschool,https://presbyteriandaycare.wixsite.com/presbyteriandaycare,live
Prevent Child Abuse America,https://preventchildabuse.org/,live
"Prevention First, Inc.",https://www.bookunion.us/company-prevention-first-inc-in-springfield-il-57971,live
Princeton in Chicago Schools,https://canterstrategies.com/about/,live
"Princeton in Chicago Schools, Roosevelt High School",https://www.gymshark.com/collections/all-products/womens,live
Priscilla Belle Productions,https://staffmeup.com/profile/kaypri,live
Pritzker School,https://pritzker.uchicago.edu/academics/degree-programs,live
Progressive Baptist Church,https://www.progressivechicago.org/,live
Progressive Community Center,https://www.chicagoflowersdelivery.com/churches-temples-mosques-synagogues-and-wedding-chapels/progressive-community-ctr/,live
Progressive Community Center - SAFE,https://msrc.microsoft.com/update-guide/vulnerability,live
"Progressive Community Center, SAFE",https://msrc.microsoft.com/update-guide/vulnerability,live
Progressive Community Center-Safe Haven,https://msrc.microsoft.com/update-guide/vulnerability,live
Project Access T/M Program,https://web.archive.org/web/20070207021813/members.aol.com/Polycell/glossary.html,archived
Project Education Plus,https://projecteducationplus.org/1516-2/,live
Project Exploration,https://projectexploration.org/,live
Project HOPE,https://secure.projecthope.org/site/SPageNavigator/2021_08_Hurricane_Ida_Response_Ads_UNR_SEM.html?autologin=true&mfc_pref=T&s_src=ads&s_subsrc=ads_sem_gs_topical_d2d_ida082921,live
Project MENTOR,https://projectmentor.academy/,live
Project Match Kids Match Program,https://www.2k.com/games/nba2k/,live
Project New Life Christ Universal Temple,https://us.shein.com/Shipping-Info-a-280.html,live
Project Simeon 2000 Education,https://radaris.com/p/Ysmin/Page/,unverified
Project YES,http://web.archive.org/web/20040611055906/http://matthue.zoomzoomzoom.co.nz/projects/psion5mx_auto_recharger/index.php,archived
Prologue Alternative High School,https://mediaburn.org/video/what-is-prologue/,live
ProsperPR,https://sur.ly/i/prosperpr.tickspot.com/,live
Providence Englewood Charter School,https://www.incschools.org/school/page/2/,live
Proviso Leyden Council for Community Action Teen Reach,,not found
Proviso Mental Health Commission,https://ptmhc.org/new-board-member-sworn-in-copy/,live
Public Allies,https://publicallies.org/,live
"Public Communication, Inc. (PCI) T/MC partner",,not found
"Public Communications, Inc.  T/MC partner",https://web.archive.org/web/20111011212343/http://publiccommunications.net/,archived
"Public Communications, Inc. - T/MC Partner",https://web.archive.org/web/20110903155904/http://publiccommunications.org/,archived
"Public Communications, Inc., Tutor/Mentor Connection partner",https://www.gymshark.com/collections/all-products/womens,live
Puerto Rican High School,https://www.ed.gov/about/contact-us/state-contacts/pr,live
Pui Tak Center Tutoring Program,https://www.chicagoresourcehub.com/wp-content/uploads/2016/03/chicago-neighborhood-resource-directory.pdf,live
Pulaski Academy,https://www.pulaskiacademy.org/,live
Pullman Elementary School,https://pes.sowashco.org/,live
Purdue Calumet University  SHPE Chapter,,not found
Pursue Scholars,https://www.pursuescholars.org/,live
Quality Improvement Associates,https://jkmichaelspm.com/courses/certified-quality-improvement-associates/lessons/team-formation-and-group-dynamics/,live
Quality Leadership Institute,https://testguild.com/episode-93-quality-leadership-institute-podcast/,live
Quality Transitions,https://trendslogo.com/davinci-resolve/100-free-davinci-resolve-transitions/,live
Quincy Public Schools Child Family Mentor Program,https://bellaease.com/referralguide/quincy-public-schools-child-family-mentor-program/,live
Quincy University,https://www.quincy.edu/academics/,live
Quinn Essential Services & Travel,http://web.archive.org/web/20050830190246/www.fastcompany.com/magazine/06/writestuff.html,archived
R Goldstein & Associates,https://taxrpo.com/preparer/ronald-goldstein-sharon-ma/,live
R King & Associates,https://www.mapquest.com/us/california/r-king-associates-784086790,live
REACH Milwaukee,https://www.headquarterscontacts.com/milwaukee-electric-tool-corporation/,live
REAP,https://reap2026.in/,live
"REAP, Inc,",https://reapusa.org/,live
REVOY Presentations,https://www.slideshare.net/MaryAdeleRevoy,live
RHS Telecom,http://rhstelecom.com/,live
RITE Educational Services,https://www.aalas.org/national-meeting,live
RNB Consulting Services,http://ca.urlm.com/www.rnbconsulting.ca,live
RSVP Hull House,https://www.hullhousemuseum.org/programs-and-events-at-hullhouse/2020/11/19/hull-house-trivia-family-day,live
Rainbow PUSH Coalition,https://www.rainbowpush.org/pr04222025,live
Ravenswood Elementary,https://www.ravenswoodelementary.org/,live
Reaching the Mark,http://mg-sg.pbworks.com/w/page/5824915/Reaching+the+Mark+by+Mandangalo,live
Reading For Life (RFL) Maple Park United Methodist Church,https://www.mybkexperience.com/,live
Reading Power,https://www.readingpowergear.com/store/writing-power,live
Reading in Motion,https://readinginmotion.org/events/,live
Reading is Fundamental,https://www.rif.org/,live
Recovering the Gifted Child,https://www.publicschoolreview.com/recovering-the-gifted-child-elementary-school-profile,live
RedEye,https://steamcommunity.com/id/redeye_official/myworkshopfiles/?section=collections&appid=281990,live
Reel Beauty,https://linktr.ee/ReelBeauty,live
Resolute Consulting LLC,https://www.resoluteconsulting.co/,live
Resource Center & Creative Re Use,https://www.recraftgvl.org/,live
Retired Senior Volunteer Program,https://aging.ny.gov/retired-senior-volunteer-program-rsvp,live
"Retired Senior Volunteer Program, West Centralm IL",https://about.illinoisstate.edu/mcsrc/opportunities/,live
Rich Central High School,https://vanlett.com/RichCentralHS,live
Rich Township Youth and Family Services,https://web.archive.org/web/20150207185816/http:/hiphop.sh/suge,archived
Richard J Daley College Workforce & Economic Development,https://web.archive.org/web/20110904015839/http://richardjdaleycollege.org/,archived
Right Start Outreach Center,https://www.telephonedirectories.us/Business/Social_Service_Organizations/IL,live
Riis School,https://chicagohistoricschools.wordpress.com/2013/11/02/jacob-riis-school/,live
Rites of Passage New Community The Prevailing Church,,not found
Roberson High School,https://www.publicschoolreview.com/roberson-high-school-profile,live
Robert Spatz Services,,not found
Rock Christian Academy,https://www.littlerockchristian.com/,live
Rock for Reading,https://web.archive.org/web/20160512025745/www.teachit.co.uk/armoore/anthology/pre1914poetry.htm,archived
RockWay Gardens,https://www.kitchenerhs.ca/rockway-gardens/,live
Rockford Computers for Schools,https://www.recyclingcenternear.me/recycle-centers/illinois/loves-park-il/rockford-computers-for-schools-61111/,live
Rockford MELD,https://www.cap4kids.org/rockford/parent-handouts/shelters/emergency-shelters/,live
Rockford MELD Community Village Mentoring Program,https://us.shein.com/Shipping-Info-a-280.html,live
"Rockford MELD, Community Village Mentoring Program",https://www.gymshark.com/collections/all-products/womens,live
Rockford School District,https://www.greatschools.org/illinois/,live
Rockford School District 205,https://www.rps205.com/,live
Rockford YMCA (Mentoring Collaboration Chairman),,not found
Rockford YMCA – BBBS Mentoring,,not found
Rockford's Mentoring Partnership,,not found
Rockwell Grant Youth Project c o Rush Presbyterian St Lukes Medical Center,,not found
Rocky Hill School,https://www.joinchargeback.com/cancels/how-to-cancel-rocky-hill-school,live
Rogers County Volunteers for Youth,https://volunteersforyouthrc.networkforgood.com/,live
Rogers Park Lutheran Church,http://web.archive.org/web/20061212165625/www.nisbco.org/biblio_A-H.htm,archived
Roosevelt High School,https://roosevelt.cnusd.k12.ca.us/our_school/bell_schedules,live
Roosevelt University,https://tripomatic.com/en/poi/roosevelt-university-poi:1424868,live
Roosevelt University Chicago Education Alliance,https://www.taylor.edu/life-at-taylor/student-activities/athletics/,live
Rosalind Reed Enterprises,https://web.archive.org/web/20220801141926/https:/www.tester.senate.gov/public-schedule/,archived
Roseland Christian Reform Church,,not found
Rush Presbyterian St Lukes Medical Center,https://www.joinmychurch.com/churches/Rush-Presbyterian-St-Lukes-Medical-Center-Chicago-Illinois-United-States/20067,live
S H A R E Mentor Program Community & Family Resource Center,http://web.archive.org/web/20020922153719/www.chi-challenge.org/implement3.htm,archived
S O A R,https://www.lyricsmode.com/lyrics/d/devour_the_day/soar.html,live
S O N Foundation,http://sonfourlife.blogspot.com/,live
S.T.E.E.P. Project,https://web.archive.org/web/20070207021813/members.aol.com/Polycell/glossary.html,archived
SAAF. Inc.,https://offshoreleaks.icij.org/nodes/10080671,live
SAY Y.E.S! Youth Center,https://isp111group5.wordpress.com/,live
SER Business and Technical Institute,http://educationdepartment.org/info/420945,live
SER Central States Youth Career Development Center,https://www.bonnevillecountyidaho.gov/,live
SGA  Youth Youth & Family Services - Kids Unlimited Mentoring Program,,not found
SGA Youth and Family Services,https://himalayas.app/companies/sga-youth-and-family-services,live
SMAS Company,https://smasltd.com/products-and-services/,live
SOAR Youth Programs,https://www.soarforyouth.org/,live
SOS Childrens Villages Illinois,https://www.onefamilyillinois.org/,live
STEEP Martin Temple AME Zion Church,,not found
"STEP, Inc.",https://www.stepcorp.org/,live
STREETWISE,https://streetwiseparts.com/,live
SUNY Fredonia,https://www.fredonia.edu/,live
Sabin Magnet School,https://www.sabin.cps.edu/,live
Safe  Haven - Progressive Community Center,https://web.archive.org/web/20200108223730/https:/joebiden.com/justice/,archived
Safe Haven Ministries - Over Comers,,not found
Safe Haven Ministries Over Comers,,not found
"Safe Haven Ministries, Over Comers",,not found
"Safe Haven Ministries, Over-Comers",,not found
Saint Agatha Family Empowerment (S.A.F.E.),,not found
Saint Anselms Jim Fisher Development Center,,not found
Saint Chrysostoms Church,https://3pulse.com/ru/geo/united-states/cities/quincy/sights/page5,live
Salem After School Program,https://web.archive.org/web/20050316095503/www.wsjs.com/programs/mike_fenley/2004_Archive/MF-04-03-Mar.html,archived
Salem Youth Services,https://www.ojp.gov/ncjrs/virtual-library/abstracts/salem-nh-monitoring-report-salem-youth-services-bureau,live
San Miguel School,https://www.sanmigueldc.org/,live
Sankofa Safe Child Initiative,https://sankofasafechildinitiative.org/,live
"Sankofa Safe Child Initiative, Bishop Dempsey Center",,not found
Santa Clara University,https://www.scu.edu/404?targetURL=https:///cas/esi/,live
Sarahs Circle,https://sarahs-circle.org/donate/,live
Sargent Shriver National Center on Pove,https://www.povertylaw.org/,live
Sasa Imani,https://www.jamiiforums.com/threads/dini-na-imani-za-watu.1917724/,live
Scholarship Foundation,https://www.mlsf.org/,live
School Business Partners,https://www.lcps.org/sbp,live
School Counseling Services Department of Pupil Support Mentor Connection Program,https://www.mccsc.edu/,live
"School District of Baraboo, WI",https://www.baraboo.k12.wi.us/,live
Science Linkages in the Community,https://loyolacurl.squarespace.com/projects/community-computer-center.html,live
Science and Math Achiever Teams,https://archive.org/stream/novaillinoismath06auro/novaillinoismath06auro_djvu.txt,live
Sean Achievement Center,https://www.crueltyfreekitty.com/list-of-cruelty-free-brands/,live
Search Resources,https://marcomm.med.washu.edu/resources/,live
Sears Holdings,https://www.pbgc.gov/wr/sears-holdings-pension-plans,live
Sears Holdings Corporation,https://www.pbgc.gov/wr/sears-holdings-pension-plans,live
Seed Of Hope Foundation,https://mysoh.e-junkie.com/,live
Seeds of Youth Success Project,https://web.archive.org/web/20071007144257/www.new-right.org/?p=21,archived
Self Learners Network,https://selflearners.net/,live
Selling Young People on Success,https://greatnonprofits.org/org/selling-young-people-on-success-ltd,live
Senior Volunteer Programs Chicago Department on Aging,https://www.dol.gov/agencies/osec,live
Senn Metropolitan Academy,,not found
Serve Illinois Commission,https://serve.illinois.gov/,live
Shedd Aquarium,https://shop.sheddaquarium.org/,live
Sherman Park Library,https://bync.org/locations/sherman-park-library,live
Shes All That,https://www.pinterest.com/ideas/shes-all-that-movie/906479709378/,live
Shiloh Park School,https://zblibrarykids.wordpress.com/local-schools/,live
Shoesmith School,https://www.sprchicago.org/partnership-at-shoesmith-school,live
Silver Spring Neighborhood Center,https://ssnc-milw.org/,live
"Silver Spring Neighborhood Center, Milwaukee",https://mkepdpio.org/mc-locations/silver-spring-neighborhood-center/,live
Sinai Community Institute,https://www.sinaichicago.org/en/find-a-location/results/sinai-community-institute/,live
Sinai Community Institute - Sinai Mentoring Program,http://web.archive.org/web/20021213045828/www.tuftsgrads.org/pages/decision.html,archived
Sinai Mentoring Program,https://psychology.msu.edu/_assets/pdfs/faculty-cvs/watlingneal-jennifer-cv2020.pdf,live
"Sisters of St Francis, Clinton Iowa",https://clintonfranciscans.com/about-us/sojourners,live
Sit Stay Read,https://midlandshumanesociety.org/programs/sit-stay-read.html,live
Sit Stay Read! Inc.,https://www.sitstayread.org/ways-to-give,live
Skokie Public Library,https://www.skokielibrary.info/,live
Smart Teams,https://www.smartteams.us/,live
SocialEdge,https://www.socialedge.ai/en,live
Society of Hispanic Professional Engineers SLIC,https://www.shpeua.org/shpe-national.html,live
Socratic Learning,https://socraticmind.com/,live
Solace Academy,https://solaceasia.org/solace-academy/,live
Solid Pathways Consulting LLC,https://www.positivecreativeinfusion.com/testimonials/,live
Sophisticated Gents Male Mentoring,https://greatnonprofits.org/org/sophisticated-gents-male-mentoring-program,live
Soul Childrens Choir,https://www.choirplace.com/choirs/childrens+choir-choirs,live
South East Asia Center Homework Assistance Center,,not found
South East Asia Center Homework Assistance Center Albany Park Branch Library,,not found
South East Asia Center Homework Assistance Center Bezazian Branch Library,,not found
South East Asia Center Homework Assistance Center Edgewater Branch Library,,not found
South East Asia Center Homework Assistance Center Rodgers Park Branch Library,,not found
South East Asia Center Parenting Dept,https://www.gymshark.com/collections/all-products/womens,live
South Shore Cultural Center,https://www.southshoreculturalcenteradvisorycouncil.org/,live
South Side Help Center,https://www.southsidehelp.org/,live
South Southwest Suburban United Way,https://www.idealist.org/en/nonprofit/52cf3ee7cd6341f3a122ce49fc029166-south-southwest-suburban-united-way-chicago,live
South Suburban College,https://www.ssc.edu/,live
Southeast Chicago Development Commission,https://www.idealist.org/en/nonprofit/8fb7278c88b64ac9b379f264e564696f-southeast-chicago-development-commission-chicago,live
Southeast Missouri State University,https://semo.edu/,live
Southeast Missouri State University GEAR UP,https://athletics.houghton.edu/sports/baseball,live
"Southeast Missouri State University, Peer Mentor Program",,not found
Southland Health Care Forum,https://southlandhealthcareforum.org/programs.html,live
Southside Educational Center,https://www.southside-ecc.org/,live
Southwest Bell Campaign,https://web.archive.org/web/20031225015436/www.hereinreality.com/hinckley.html,archived
Southwest Women Working Together,https://www.lowincometemporaryhousing.com/li/swwt-org_southwest-women-working-together,live
Soweto Center Chicago,http://www.nonprofitfacts.com/index-IL-So-Sp.html,live
Spark,https://spark.apache.org/,live
Spectra Services,https://spectra-services.com/about-spectra,live
Springfield Urban League,https://springfieldul.org/,live
St Agnes of Bohemia Church,https://www.joinmychurch.com/churches/St-Agnes-of-Bohemia-Chicago-Illinois-United-States/166737,live
St Anselms School,https://stanselmschool.com/,live
St Anthony Hospital,https://www.stanthonyhospital.org/,live
St Bronislava Parish,https://www.joinmychurch.com/churches/St-Bronislava-Parish-Plover-Wisconsin-United-States/56408,live
St Gelasius,https://web.archive.org/web/20201112040027/https://en.wikipedia.org/wiki/List_of_sovereigns_of_Vatican_City_State,archived
St Ignatius College Prep (G&B),,not found
St Joseph Services After School & Mentoring,https://www.stjoesenrichment.com/afterschool,live
"St Lukes Anglicare, Children and Family Service",,not found
St Lukes Lutheran Church,,not found
St Mark AME Church - Quality of Life Center,https://zontamilwaukee.org/?page_id=192,unverified
St Mark AME Church Quality of Life Center,https://zontamilwaukee.org/?page_id=192,unverified
St Mary Church of Prayer World Vision Kid REACH,,not found
St Pius V Parish Casa Juan Diego,https://www.chicagoresourcehub.com/wp-content/uploads/2016/03/chicago-neighborhood-resource-directory.pdf,live
St Pius V Parish Casa Juan Diego 12th District Youth Net,,not found
St Procopius School After School,https://www.taylor.edu/life-at-taylor/student-activities/athletics/,live
St Rita Parish Good Counselor,https://parishstrita.org/home/,live
St. Pius V. Parish - Casa Juan Diego 12th District Youth Net,https://939litefm.iheart.com/,live
StartingUP Now,https://www.entrenuity.com/services/adult-services,live
"State of  Illinois, Office of the Attorney General",https://appliedantitrust.com/12_nonhorizontal_mergers/2_vertical/ticketmaster/ticketmaster_complaint1_25_2010.pdf,live
"State of Illiinois, Office of Lieutenant Governor Pat Quinn",https://sengov.com/pat-quinn/,live
State of Illinois - Treasurer Bank At School Program,https://www.mybkexperience.com/,live
State of Illinois Circuit Court of Cook County Juvenile Justice Department,https://www.mybkexperience.com/,live
State of Illinois Office of the Attorney General,https://appliedantitrust.com/12_nonhorizontal_mergers/2_vertical/ticketmaster/ticketmaster_complaint1_25_2010.pdf,live
State of Illinois Office of the Treasurer,https://illinoistreasurergovprod.blob.core.usgovcloudapi.net/twocms/media/doc/fy15-treasurer-college-svgs-fin-full.pdf,live
"State of Illinois, Office of Lieutenant Governor Pat Quinn",https://www.standingupforillinois.org/pdf/I-Connect.pdf,live
"State of Illinois, Office of the Treasurer",https://www.illinois.gov/agencies/agency.tre.html,live
"State of Illinois, Representative 4th District",https://www.dol.gov/agencies/osec,live
"State of Illinois, The Office of the Treasurer",https://www.mybkexperience.com/,live
"State’s Attorney of Cook County, Juvenile Justice Bureau",https://www.cookcountyil.gov/,live
Steans Family Foundation,https://steansfamilyfoundation.org/,live
Step Up Womens Network,https://projects.propublica.org/nonprofits/organizations/954701468,live
Strategic Development Consulting,https://omegamarketingservices.com/strategic-consulting,live
Strategies Unlimited,https://www.kbumreading.com/,live
Streamwood Residential Center,http://helpwhenyouneedit.org/maps.php?id=617631,live
Strive Tutoring,https://www.strivetutor.org/,live
Student Mentor Partners,https://www.idealist.org/en/nonprofit/1eafe63f2ff84d068750836aea4ab07f-student-mentor-partners-st-clair-shores,live
"Student Mentor Partners, St. Clair Shores, MI",https://www.idealist.org/en/nonprofit/1eafe63f2ff84d068750836aea4ab07f-student-mentor-partners-st-clair-shores,live
Student Tutor Mentor,https://mentoreducation.co.uk/,live
StudioAir,https://www.accessify.com/s/studioair.com,live
"Study Skills, Inc.",https://www.gymshark.com/collections/all-products/womens,live
Sullivan House,https://sullivanhouse.org/about-us/,live
Sullivan House High School,https://www.angelsense.com/blog/autism-schools-in-usa/,live
Sullivan House High School Alternative Schools Network,https://web.archive.org/web/20240109152409/https:/www.protocol.com/enterprise/eric-schmidt-ai-china,archived
Sullivan House High School Schools Network,https://www.sehs.net/,live
SunRise Total Living Ministry Tutoring Program,,not found
SunTimes Judge Marovitz c o The Chicago Bar Association Lawyers Lend A Hand to Youth Program,,not found
Sunlight African Community Center,https://springboardfoundation.org/program/sunlight-african-community-center,live
Sunshine Gospel Ministries,https://www.sunshinegospel.org/,live
Support Center of Chicago,https://web.archive.org/web/20091003194653/www.softsailor.com/news/3787-3787.html,archived
T E R C,https://www.djmaster.com/,live
T.E.Y. Consulting Services,https://www.crueltyfreekitty.com/list-of-cruelty-free-brands/,live
TECO (The Environmental Com Org),https://www.tceq.texas.gov/,live
TEY Consulting Services,,not found
THINK c o MGRF,,not found
TRIBE,https://tribe-official.com/en/,live
TWs Ministry,https://www.tiktok.com/discover/how-long-wait-fast-past-ministry-of-magic,live
TW’s Ministry,https://www.crueltyfreekitty.com/list-of-cruelty-free-brands/,live
Talking Communities LTD,https://www.crueltyfreekitty.com/list-of-cruelty-free-brands/,live
Targeted Search Services,https://armadadigital.co/796-2/,live
Tea Rose Educational Foundation,https://tearosefoundation.org/,live
Teachers Academy for Math & Science,https://www.taylor.edu/life-at-taylor/student-activities/athletics/,live
Teachers Math and Science Academy,https://web.archive.org/web/20110704110715/http:/www.sciencedebate.org/debate08.html,archived
Teachers’ Task Force,https://teachertaskforce.org/,live
TeamMates Mentoring Program,https://lincolnteammates.org/,live
Teaming for Technology,https://www.volunteermatch.org/search/org18178.jsp,live
Teen Dreams,https://ar.pinterest.com/clinterest/teen-dreams/,live
Teen Living Programs,https://www.embarkbh.com/treatment/programs/transitional-living/,live
Teen Nite,https://ohmyomaha.com/event/teen-nite/,live
Teen Parent Services,https://www.mpschools.org/academics/ece/teen-parent-services,live
Temple to the Classroom,https://www.crueltyfreekitty.com/list-of-cruelty-free-brands/,live
Textmania,https://textmania.github.io/,live
The After School Corporation,https://www.wcwonline.org/Publications-by-title/promising-practices-about-the-after-school-corporation-tasc,live
The Alford Group,https://www.alford.com/about-us/,live
The Anointed Word Kingdom Church,https://nonprofitlocator.org/organizations/il/richton-park,live
The Betty Sabeti Foundation,,not found
The Black Angel Network,https://web.archive.org/web/20190529011016/www.swissstyle.com/voyage-to-the-centre-of-innovation/,archived
The Black Star Project,https://ourtimepress.com/shame-black-america-isnt-black-boys-cant-read-shame-black-america-little-help-learn-read/,live
The Blue Gargoyle,https://bgchicago.org/,live
The Blue Sky Inn,https://hotel-blue-sky.dhaka-hotel.com/,live
The Bridge Youth & Family Services,https://thebridgeservices.ca/,live
The Brotherhood Male Mentoring Organization,https://www.crueltyfreekitty.com/list-of-cruelty-free-brands/,live
The C D R D,https://www.cdcr.ca.gov/,live
The Caring World Institute,https://web.archive.org/web/20220710234105/https:/ifstudies.org/blog/the-global-fertility-gap,archived
The Center for Community Development Initiatives,https://www.ampliz.com/company/the-center-for-community-development-initiatives/100885022,live
The Center for Urban School Policy Northwestern University,https://www.maenwatches.com/,live
The Center for What Works,https://www.idealist.org/en/nonprofit/b51bbdeb7a074ad39105959735033c07-the-center-for-what-works-chicago,live
The Chicago Academy for the Arts,https://www.chicagoacademyforthearts.org/academy-events?category=Parents+Association,live
The Chicago Community Trust,https://www.cct.org/,live
The Chicago Field Museum,https://www.tiktok.com/discover/field-museum,live
The Chicago MOST Initiative,https://archive.org/stream/ERIC_ED419303/ERIC_ED419303_djvu.txt,live
The Chicago Public Library Harold Washington Library Center,https://www.hotelplanner.com/Hotels/26784-NEAR-Chicago-Public-Library-Harold-Washington-Library-Center,live
The Chicago Reporter,https://www.chicagoreporter.com/,live
The Chicago Rotary Club,https://rotarysouthpacific.org/page/history,live
The Chicago School of Professional Psychology,https://www.thechicagoschool.edu/academics/colleges/professional-psychology/,live
The Chicago Urban League,https://chiul.org/,live
The Childrens Aid Society,https://www.childrensaidnyc.org/,live
The Childrens Memorial Medical Center,https://longmontfoundation.org/new/wp-content/uploads/2022/12/2021-Annual-Report-1.pdf,live
The Childrens Place Association,https://www.childrens-place.org/wp-content/uploads/2023/08/2022_990_CPA-Final-Group.pdf,live
The Community College Foundation,https://archive.org/stream/ERIC_ED365369/ERIC_ED365369_djvu.txt,live
The Community Development Collaborative,https://www.wellesleyinstitute.com/the-influence-of-green-space-on-mental-health-well-being/,live
The Community Of St Sabina,https://stsabinaparish.org/hispanic-ministry/,live
The Darryl Stingley Youth Foundation,https://www.espn.com/blog/afceast/post/_/id/15437/tatums-death-summons-stingley-tragedy,live
The Dream BIG Foundation,https://ukdripseason.com/pages/dream-big,live
The Educational Design Group,https://web.archive.org/web/20231023214307/https:/www.brookings.edu/articles/the-author-of-the-son-also-rises-responds/,archived
The Financial Learning Institute,https://allreviews.ca/general/financial-learning-institute-reviews,live
The Guidance Center,https://www.guidance-center.org/,live
The Harbour,https://www.dubaiharbour.com/,live
The I Can Outreach Program,https://web.archive.org/web/20231202182612/sundance.org/blogs/news/2012-sundance-film-festival-awards/,archived
The Illinois Institute of Art America Reads Program,https://thesummersmash.com/,live
The Injury Free Coalition for Kids,https://www.injuryfree.org/,live
The Jesse Owens Foundation,https://www.newworldencyclopedia.org/entry/Jesse_Owens,live
The John and Frances Beck Foundation,https://www.aetherometry.com/Electronic_Publications/Politics_of_Science/Antiwikipedia2/Section_IV.html,live
The Leadership Board,https://theitleadershipboard.com/insights/category/marketing/,live
The Leadershop,https://www.visualvisitor.com/companies/5533233/the_leadershop,live
The Lighthouse Church,https://www.tlhc.org/,live
The Lincoln Foundation for Business Excellence,https://qconline.com/business/article_35b23609-3dae-5af8-a850-e8c48882013b.html,live
The Louisville Education & Employment Partnership,https://www.wku.edu/chhs/documents/decade_of_progress.pdf,live
The Loving G E M S,https://www.ea.com/,live
The MASH,https://www.themashmag.com/,live
The Mentoring Institute of Greater St Louis,https://web.archive.org/web/20240702103601/https:/www.vanityfair.com/news/story/robert-kennedy-jr-shocking-history,archived
The Milagro Center,https://www.palmbeachunitedway.org/milagro-center-0,live
The Miracle Center,https://www.themiraclecenter.org/,live
The National Conference for Human,https://www.maenwatches.com/,live
The National Urban Technology Center,https://urbantech.org/,live
The Night Ministry,https://thenightministry.org/,live
The Partnership to Educate and Advance Kids (PEAK),https://peakchicago.org/invest-in-peak/,live
The Paternal Involvement Project,https://biblioteca.cejamericas.org/bitstream/handle/2015/3422/fathers.pdf?sequence=1,live
The Peace Museum,https://www.peacemuseumvienna.com/,live
The Peach Club,https://thepeachclub.co.nz/about,live
The People's Court of Final Appeal,https://web.archive.org/web/20150711162625/www.natlawreview.com/article/supreme-court-limits-scope-honest-services-statute-skilling-v-united-states,archived
The Peoples Court of Final Appeal,https://web.archive.org/web/20150711162625/www.natlawreview.com/article/supreme-court-limits-scope-honest-services-statute-skilling-v-united-states,archived
The Phoenix Experience Valley View CUSD #365U,https://web.archive.org/web/20110202233947/http://thephoenixexperience.com/,archived
The Port,https://leportdenice.com/en/,live
The Posse Foundation,https://www.possefoundation.org/,live
The Princess Within Foundation,https://www.amazon.com/Encouraged-Dr-Bernada-Nicole-Baker/dp/1539129578,live
The Resurrection Project,https://resurrectionproject.org/,live
The Royal Order of Experience Design,https://gmailslater.wordpress.com/category/design/,live
The Rush Center for Womens Medicine,,not found
The Salvation Army,https://www.salvationarmy.org/,live
The Salvation Army - Hero Project Break Through,https://pa.salvationarmy.org/williamsport-pa/project-break-through,live
"The Saturday School of Gary, IN",https://web.archive.org/web/20220123194014/www.chicagonow.com/getting-real/2012/09/the-math-of-renting-vs-buying-a-home-in-chicago/,archived
The Scholarship Well,https://kadamboverseas.com/r-i-m-c-dehradun-scholarship-tamil-nadu/,live
The School of the Art Institute,https://hyperallergic.com/is-the-school-of-the-art-institute-of-chicago-really-giving-kanye-west-an-honorary-doctorate/,live
The Second City Training Center,https://www.secondcity.com/classes-general-information,live
The Sensible City,https://aboutus.com/SensibleCity.com,live
The Siragusa Foundation,https://www.siragusa.org/,live
The Southwest Youth Service Collaborative (SYSC),https://sysnm.wordpress.com/about/,live
The Springfield Urban League,https://springfieldul.org/,live
The Story Within Glencoe Study Center,,not found
The Stump,https://www.google.com/travel/hotels/entity/CgoIn8KKkayR4aw9EAE,live
The Target group READY Program,https://www.formula1.com/en/information/formula-1-partners.2shz7bIVhGgS3ovP69N3Rs,live
The Tramaine Experience Off Broadway,https://m.imdb.com/title/tt15548688/,live
The University of Chicago Neighborhood Schools Program,https://directory.uchicago.edu/organizations/redirects?utf8=✓&orgs[sub_departmentid]=969,live
The University of Toledo Institutional Advancement,,not found
The University of Toledo Urban Affairs Center,https://www.utoledo.edu/centers/urban-affairs/,live
The Village Investment Project Veterans Mentor and Adoption Program,https://web.archive.org/web/20211227064858/http://thevillageinvestment.com/,archived
The Volunteer Center,https://www.volunteercenterhelps.org/,live
The Volunteer Center of NW Chicago - RSVP,,not found
The Volunteer Center of Oak Park,https://www.formula1.com/en/information/formula-1-partners.2shz7bIVhGgS3ovP69N3Rs,live
The Washington Hospital Center Youth Mentoring Program,https://www.formula1.com/en/information/formula-1-partners.2shz7bIVhGgS3ovP69N3Rs,live
The Weizmann Institute of Sciences,https://www.weizmann.ac.il/pages/,live
The Woman of Gods Design,http://www.wogdministry.org/,live
There's Hope Youth Mentoring Services,,not found
Theres Hope Youth Mentoring Services,,not found
Theta Omega Chapter of Phi Theta Kappa,https://ptkwrightcollege.wordpress.com/,live
Think Detroit,https://detroitmi.gov/departments/housing-and-revitalization-department/office-immigrant-affairs/think-detroit,live
Third Unitarian Church,https://www.thirdunitarianchurch.org/,live
Third Unitarian Church/ Rosa Parks Center,https://www.taylor.edu/life-at-taylor/student-activities/athletics/,live
Thornton Township Youth Committee - BBBS,https://www.formula1.com/en/information/formula-1-partners.2shz7bIVhGgS3ovP69N3Rs,live
"Thorton Township Youth Committee, TTRAP/Big Brothers/Big Sisters",,not found
Three Rivers Education Partnership,https://trma.org/trep/,live
Thrivable org a project of Nurture biz,https://www.formula1.com/en/information/formula-1-partners.2shz7bIVhGgS3ovP69N3Rs,live
Tilden Community Academy,https://www.tilden.cps.edu/,live
Toastmasters,https://www.toastmasters.org/,live
Todays Solutions,https://tenor.com/view/todays-solutions-tomorrows-problems-eyeball-spying-surveillance-nsa-gif-16688167,live
Toledo Public Schools,https://www.tps.org/students_parents,live
Toledo Public Schools Partners in Education,https://cdn.ymaws.com/naa.site-ym.com/resource/collection/E58A5A13-01EF-4A6B-B769-CC4A7200B2CE/AST_Fall_2020.pdf,live
Tomorrow's Men,https://www.tomorrowman.com.au/,live
Tomorrows Men,https://www.eastlondondance.org/projects/tomorrows-men/,live
Totton Peters Communications,http://www.nonprofitfacts.com/index-PA-To-Tr.html,live
Touch-A-Teen,https://web.archive.org/web/20180403051324/http:/brokenrites.org.au/drupal/node/36,archived
Training Visions,https://trainingvisions.org/services/,live
"Travelers & Immigrant Aid, Winthrop Towers Education Initiative",,not found
Travelers &Immigrants Aid,https://www.zippia.com/travelers-immigrants-aid-s-heartland-alliance-for-human-needs-and-human-rights-careers-42218/,live
Tri Cities United Way and Volunteer Center,https://www.starwarscelebration.com/en-us/tickets-merch/ticket-information.html,live
Triangle Center Life Skills,https://www.taylor.edu/life-at-taylor/student-activities/athletics/,live
Trinity Christian College,https://www.trnty.edu/,live
Triton College,https://www.triton.edu/contact/,live
True Star Media,http://web.archive.org/web/20110623222820/starwars.com/episode-iv/bts/article/f19970115/index.html,archived
Truman College,https://www.ccc.edu/truman/departments/science-center/,live
Truman College GEAR UP Program,,not found
"Truman College, Tutoring Center",https://www.ratemyprofessors.com/professor/1947356,live
"Trusted Partners, Indianapolis, IN",https://www.nonprofitlist.org/det/44871_trusted-partners,live
Tuiton College,https://foursquare.com/v/chiong-tuiton/506fa9e3e4b08aa60437790e,live
Tutor For Excellence org,https://web.archive.org/web/20110704110715/http:/www.sciencedebate.org/debate08.html,archived
Tutor Mentor Connection,https://tutormentorconnection.ning.com/,live
Tutor Mentor Summit Indy,http://urlm.co/www.tutormentorsummitindy.com,live
Tutor for English as a second language,https://www.striveonlinespeechlanguagetherapy.com/english-as-second-language,live
Tutor/Mentor Connection,https://tutormentorconnection.ning.com/,live
"Tutor/Mentor Connection, Tutor/Mentor Institute, LLC",https://tutormentor.blogspot.com/2016/11/,live
Tutor/Mentor Summit Indy,http://urlm.co/www.tutormentorsummitindy.com,live
TutorTrek,https://explore.market.dev/ecosystems/redis/projects/tutortrek,live
Twin Cities One-to-One,https://opencorporates.com/companies/us_mn/dc6c40fa-acd4-e011-a886-001ec94ffe7f,live
U S Department of Health and Human Services Region V,,not found
UCAN - HANDS without GUNS,,not found
UIC,https://uic.group/,live
UIC - Urban Passage Mentoring Program,,not found
UIC African American Academic Network,https://www.schoolandcollegelistings.com/US/Chicago/123625601142920/UIC-Chancellor's-Committee-on-the-Status-of-Blacks---CCSB,live
UIC Center for Educational Excellence,http://web.archive.org/web/20020922153719/www.chi-challenge.org/implement3.htm,archived
UIC Department of Human Development,https://www.saapri.org/3346/key-findings-from-saapris-south-asians-aging-in-america/,live
UIC Dept of Disability and Human Development,https://mhdauic.wordpress.com/,live
UIC Dept. of Psychology,,not found
"UIC Division of Community Health, Teen Reach Program",,not found
UIC Institute of Health and Research Policy,,not found
UIC Institute on Disability and Human Development,https://www.instituteonline.org/leadership/,live
UIC Regional Math Science Center,,not found
"UIC, Dept of Disability and Human Development",https://bleach-anime.com/en/character/,live
"UIC, Illinois Latino Educational Alliance",https://www.vanillaprepaid.com/,live
"UIC, Institute on Disability and Human Development",https://www.instituteonline.org/leadership/,live
"UIC, Jane Addams School of Social Work",https://crownschool.uchicago.edu/directory/rachel-kazez,live
"UIC, SOAR-Intensive Academic Outreach",,not found
"UIC, TRIO Program",https://tunein.com/podcasts/Education-Podcasts/UIC-Commuter-Pulse-Podcast-p3031294/,live
"UIC, University of Illinois Family Advocacy Program",,not found
"UIC, University of Illinois at Chicago",https://www.campusreel.org/how-to-get-into-college/university-of-illinois-at-chicago-admissions-requirements-and-gpa,live
"UIC, University of Illinois at Chicago/School of Public Health",https://www.mlb.com/bluejays/schedule/2026-03,live
US Department of Education,https://www.bostonglobe.com/2025/11/19/metro/trump-education-department-changes-rhode-island/,live
US Department of Health & Human Services,https://www.parkwhiz.ca/us-department-of-health-human-services-parking/,live
US Post Office Great Lakes Area,https://web.archive.org/web/20180712004522/www.chron.com/neighborhood/moco/news/article/Woman-killed-in-officer-involved-shooting-in-13067765.php,archived
UW Madison Do It ITA,,not found
UW Parkside - Mentor Kenosha & Racine,,not found
UW Parkside Center for Community Partnerships,https://leadingtransitions.com/services_speaking.html,live
UW Parkside Mentor Kenosha & Racine,https://www.uwp.edu/,live
Uhlich Childrens Advantage Network,"https://www.causeiq.com/organizations/uhlich-childrens-advantage-network,362167937/",live
Uhlich Childrens Advantage Network - UCAN,"https://www.causeiq.com/organizations/uhlich-childrens-advantage-network,362167937/",live
"Uiversity of Chicago, Chapin Hall Center for Children",,not found
Ujima Area Health Education Center (AHEP),,not found
Umoja Student Development Corporation,https://www.every.org/umojacorporation,live
Union League Boys and Girls Club,https://www.idealist.org/en/nonprofit/7bf9fd717ac24ababec2c4b6f6c5f996-union-league-boys-girls-clubs-chicago,live
United Airlines,https://jetstream.united.com/u4b/UBiz_LoginContainer?ec=302&startURL=/u4b/s/,live
United Charities,https://www.unitedway.org/,live
United Charities Blue Skies Tutoring,https://www.crueltyfreekitty.com/list-of-cruelty-free-brands/,live
United Church of Hyde Park,https://achicagosojourn.wordpress.com/2014/06/23/united-church-of-hyde-park/,live
United Health Care of Illinois,https://www.uhc.com/individuals-families/illinois,live
United I Have A Dream Foundation,https://www.crueltyfreekitty.com/list-of-cruelty-free-brands/,live
United Progress for Outreach,https://www.taylor.edu/life-at-taylor/student-activities/athletics/,live
United Students,https://www.innercitystruggle.org/united_students,live
United Way of Champaign County,https://www.unitedwaychampaign.org/healthy-community,live
United Way of Illinois,https://www.tgci.com/funding-sources/illinois,live
Universal Family Connections,https://ufamily.org/,live
"Universal Family Connections, Mentor Connection",http://web.archive.org/web/20061231031333/ws2005.wikisym.org/space/WikiVanning,archived
Universidad Popular Uprising Youth Program,https://bleach-anime.com/en/character/,live
Universitat of Girona,https://www.eduopinions.com/universities/universities-in-spain/girona/universitat-girona-udg/accounting-finance/accounting-reviews/,live
University College I U P U I,https://web.archive.org/web/20110604035216/https:/www.ndsu.edu/news/view/article/11749/,archived
University Community Service Center,https://ucsc.uchicago.edu/,live
University of Chicago,https://surgery.uchicago.edu/education/ohns-meet-residents,live
University of Chicago - School of Social Service Administration,https://www.miessociety.org/mies-buildings/blog-post-title-two-793r4-yjaj6-fm4kw-cktjr-a7s8y-2cxsn-wddj7-y77l6-66psw-5x4rt-ncdpr-terma-x55zx-fkwjd-bh29m-2wgkz-b4x26,live
University of Chicago Charter School Corp - Donoghue Campus,,not found
"University of Chicago Charter Schools, Woodlawn",https://www.maryinthemixx.com/post/hamilton-connects-with-1-900-cps-students-and-teachers,live
University of Chicago Community Affairs Neighborhood Schools Program,http://web.archive.org/web/20010124111600/www.catalyst-chicago.org/10-99/109prom.htm,archived
University of Chicago Hospital,,not found
University of Chicago Hospitals,https://www.healthgrades.com/group-directory/il-illinois/chicago/university-of-chicago-hospitals-xtxnqd,live
University of Chicago Lab School - Community Learning,https://forum.netmarble.com/futurefight_en,live
University of Chicago Lab Schools,https://www.ucls.uchicago.edu/,live
University of Chicago Laboratory Schools,https://www.ucls.uchicago.edu/,live
University of Chicago Medical Center,https://www.uchicagomedicine.org/patients-visitors/visitor-information/dining-options,live
University of Chicago School of Social Service,https://www.petersons.com/graduate-schools/university-of-chicago-school-of-social-service-administration-000_10013608.aspx,live
University of Chicago School of Social Service Administration,https://ssa.uchicago.edu/,live
University of Chicago Urban Education Institute,https://www.uchicago.edu/education-and-research/center/urban_education_institute/,live
University of Chicago Urban Leadership Center,https://web.archive.org/web/20080420154202/www.beyondmarriage.org/signatories.html,archived
University of Chicago – Gear UP,https://fightingillini.com/sports/mens-track-and-field,live
"University of Chicago,  Community Service Center",https://ucsc.uchicago.edu/,live
"University of Chicago, Consortium for Chicago School Research",https://files.eric.ed.gov/fulltext/ED568396.pdf,live
"University of Chicago, Net Impact Fellow",,not found
University of Girona,https://www.udg.edu/en/,live
University of Il Extension,https://www.shothotspot.com/hotspot/sycamore-il-usa/university-of-il-extension,live
University of Illinois 4H Extension,https://frc-events.firstinspires.org/2025/team/4096,live
University of Illinois and NFL,https://web.archive.org/web/20050404003134/http:/www.singlesexschools.org/schools-schools.htm,archived
University of Illinois and National Football League,https://fightingillini.com/sports/mens-track-and-field,live
University of Illinois at Chicago,https://edurank.org/uni/university-of-illinois-at-chicago/,live
University of Illinois at Urbana-Champaign,https://www.britannica.com/topic/University-of-Illinois,live
"University of Kansas - Akouo, Inc",,not found
"University of Maryland, Community Kinnections Program",https://communityengagement.umd.edu/,live
"University of Maryland, Project Links",https://web.archive.org/web/20110920133809/http:/www.uvu.edu/chss/adoption/2010/presenters.html,archived
University of Michigan Health System-,https://www.myuofmhealth.org/MyChart-PRD/Authentication/Login,live
University of Michigan Medical Center,https://www.medifind.com/specialty/gastroenterology/US/MI,live
"University of Michigan, Community Scholars Program",https://regents.umich.edu/files/meetings/12-21/2021-12-IX-13.pdf,live
University of Missouri - Kansas City Ivanhoe House,https://forum.netmarble.com/futurefight_en,live
"University of Missouri - Kansas City, College of Arts & Sciences",https://forum.netmarble.com/futurefight_en,live
University of New Mexico African American Student Services,https://afro.unm.edu/2018-black-cultural-conference/Accommodations.html,live
University of Notre Dame Institute for Latino Studies,https://latinostudies.nd.edu/about/,live
University of Wisconsin - Parkside Center for Community Partnerships,https://www.westofthei.com/2010/03/06/uw-parkside-invites-you-to-the-front-porch/8705,live
University of Wisconsin - Parkside/Mentor Kenosha & Racine,https://www.uwp.edu/,live
University of Wisconsin - ParksideCenter for Community Partnerships,,not found
University of Wisconsin Parkside Center for Community Partnerships,https://forum.netmarble.com/futurefight_en,live
University of Wisconsin-Milwaukee,https://uwm.edu/official-functions/,live
Uptown Center Hull House Association,https://en.citizendium.org/wiki/Hull_House/Bibliography,live
Urban Gateways,https://urbangateways.org/,live
Urban Initiatives,https://urban-initiatives.com/,live
Urban Leadership Center,https://urbanleadershipcenter.info/,live
Urban Libraries Council Public Libraries as Partners in Youth Development,https://forum.netmarble.com/futurefight_en,live
Urban Options,https://www.urbanoptions.org/,live
Urban Prep Academies Fellows Program,,not found
Urban Solutions,https://www.enterprisesg.gov.sg/industries/urban-solutions,live
"Urbana Middle School, C-U One-to-One Mentor Program",,not found
Usborne Books,https://usborne.com/row/,live
V.0.1.C.E.,https://bvf.ru/forum/showthread.php?t=149643,live
VCA,https://www.sos.ca.gov/voters-choice-act/vca-resources,live
VOICE Learning Center,https://www.gymshark.com/collections/all-products/womens,live
Valerie Denney Communications,https://www.buzzfile.com/business/Valerie-Denney-Communications-708-638-9683,live
Valerie F. Leonard.Com / NonProfit Utopia,https://nonprofitutopia.com/,live
Valley Kingdom Ministries International,https://www.vkmi.org/,live
Van Buren Intermediate School District,https://www.vbisd.org/,live
Vanderbilt University Medical Center,https://www.vanderbilthealth.com/locations/vanderbilt-dayani-center,live
Victory Apostolic Church,https://www.vacmatteson.org/,live
Victory Christian Assembly Church,https://magicpin.in/Chennai/Tambaram/Other/Victory-Christian-Assembly-Church/store/991731/,live
Vietnamese Association of Illinois,https://hnvi.org/,live
Village Investment Project,https://eintaxid.com/company/473889076-village-investment-project-np/,live
Village of Mount Prospect,https://www.mtphist.org/about-us/history/,live
Village of Mount Prospect - Mentoring Program,,not found
Village of Mount Prospect Mentoring Program,https://www.taylor.edu/life-at-taylor/student-activities/athletics/,live
Village of Mt Prospect Human Services Department,https://www.dol.gov/agencies/osec,live
Village of Mt Prospect Mentoring Program,,not found
Village of Mt. Prospect Mentoring Program,,not found
Village of Park Forest Economic Development and Planning,https://www.villageofparkforest.com/,live
Village of Park Forest Recreation and Parks,https://www.mapquest.com/us/illinois/village-of-park-forest-recreation-and-parks-546648283,live
Virginia Heroes Incorporated - Role Model/Mentoring,https://www.gymshark.com/collections/all-products/womens,live
Vision Chicago,https://www.joinchargeback.com/cancels/how-to-cancel-vision-chicago,live
Vision Chicago CityLINC,https://www.chicago.gov/,live
Visuals4U,https://capcut.en.softonic.com/android,live
Vital Bridges,https://www.nelincs.gov.uk/vital-bridges-connecting-grimsby-and-immingham-will-be-repaired-to-boost-the-local-key-industries-and-tourism/,live
Voices for Illinois Children,https://www.influencewatch.org/non-profit/voices-for-illinois-children/,live
Vol of America,https://aguea.net/Vol_of_America,live
Volunteer Center of Oak Park - Youth Connect,https://forum.netmarble.com/futurefight_en,live
Volunteers of America,https://web.archive.org/web/20210607060442/https://www.thisismyjam.com/song/jefferson-airplane/volunteers-of-america,archived
Volunteers of America of Illinois,https://old.voaillinois.org/offices,live
W.D.M. Ministry,https://www.muslimamericancommunity.com/w-d-m-ministry,live
WGN-TV,https://apps.apple.com/us/app/wgn-tv/id1592750968,live
WOHC & Associates,,not found
WSCORP Communiversity,https://core.ac.uk/download/pdf/71339410.pdf,unverified
WSU Medicare,https://forum.netmarble.com/futurefight_en,live
WTTW TV Chicago,https://www.nprillinois.org/chicago-tonight,live
Walden University,https://www.waldenu.edu/admissions/transcripts,live
Walter Reed School,https://newyorkschools.com/schools/walter-reed-school.html,live
Warrenville Youth & Family Services,https://www.findglocal.com/US/Warrenville/153032641493221/Warrenville-Youth-and-Family-services,live
"Warrenville Youth & Family Services, Outreach Community Services",https://es.elevate-coaching.net/about-me,live
"Waukegan Public Schools District 60, 21st Century STARS Program/Program Development",https://forum.netmarble.com/futurefight_en,live
Wayne Metro C A A,https://hpfolks.com/headstart/index.html,live
Weiss Hospital,https://www.weisshospital.com/,live
West Englewood Youth and Teen Center Reach out and Touch,,not found
West Harvey Dixmore School District 147,,not found
West Lawn Youth Network,https://www.westlawnyouthnetwork.org/,live
West Pullman Committee,https://athletics.houghton.edu/sports/baseball,live
West Pullman Organization Imani Shalom,,not found
West Pullman School,https://www.landmarks.org/preservation-programs/richard-h-driehaus-foundation-preservation-awards/west-pullman-school-senior-housing-chicago/,live
West Town Academy,https://westtownacademy.org/home,live
"West Town Learning Center, Gear-Up",https://shop.whataburger.com/,live
Westfield Community School,https://www.westfieldcsd.org/,live
Westinghouse High School,https://www.westinghousehs.org/,live
Westside Alternative High Schools Network,,not found
Westside Baptist Ministers Conference,https://shepherdsstream.org/illinois-church-directory/westside-baptist-ministers-conference,live
Westtown Concerned Citizens Coalition,https://www.mapquest.com/us/illinois/westtown-concerned-citizens-coalition-273732251,live
Westwood College,https://www.cnn.com/2010/LIVING/09/02/for.profit.college.debt/,live
Whittier School,https://girlspreples.org/,live
Why Not Wellness,https://whynotnatural.com/collections/all,live
Wicker Park Learning Center,https://www.volunteermatch.org/search/org98644.jsp,live
Wilbur Wright College,https://www.ccc.edu/wright/departments/home/,live
Will County Health Department,https://willcountyhealth.org/services-available-at-bolingbrook/,live
Will Feed Community Organization,https://web.archive.org/web/20191024152904/opensourcebridge.org/about/code-of-conduct/,archived
William Moorehead & Associates,https://www.bizapedia.com/in/william-moorehead-associates-inc.html,live
William Rainey Harper College,https://www.harpercollege.edu/,live
Willowbrook High School,https://www.greatschools.org/illinois/villa-park/2008-Willowbrook-High-School/,live
Windows of Opportunity,https://windex.com/en-us/windows-of-opportunity,live
Windpoint Partners,https://www.buyoutsinsider.com/windpoint-partners-new-fund-sets-sail/,live
Windy City Earth Force,https://iiseagrant.org/iisg-and-the-windy-city-earth-force-team-up-to-empower-chicago-students/,live
Winfield Moody Health Center,https://nearnorthhealth.org/locations/,live
Winnebago County Health Department,https://publichealth.wincoil.gov/,live
Winning Futures,https://winningfutures.org/contact-us/,live
Wisconsin Foundation for Independent Colleges,https://www.wisconsinsprivatecolleges.org/info/waicu-info/our-history/,live
Wise Child Press,https://trustburn.com/reviews/wise-child-press,live
With An Open Heart,https://withanopenheart.org/2013/07/01/it-doesnt-matter-how-fast-you-get-there-if-youre-headed-in-the-wrong-direction/,live
Women Employed,https://womenemployed.org/how-we-work/,live
Women In Community Service,https://glenrocknj.net/organizations/288-glen-rock-women-in-community-service-w-i-c-s,live
Woodson Regional Library Childrens Department,https://www.chipublib.org/locations/81/,live
Woodstock Community Unit School District #200,https://www.woodstockschools.org/,live
"Woodstock District 200, Endres Elementary School",https://www.sandiego.gov/public-utilities/customer-support/pay-your-bill,live
Word if Faith Christian Center,https://web.archive.org/web/20200416092325/https:/www.christianitytoday.com/edstetzer/2020/april/christians-and-corona-conspiracies.html,archived
Workforce Opportunities,https://jerichoproject.org/programs-services/workforce-opportunities/,live
Workforce Opportunities Resource Consortium,https://www.taxexemptworld.com/organizations/mattoon-il-illinois.asp,live
Working In The Schools,https://workinginschools.com/,live
Working in the School,https://www.koinonia-educational.com/2025/11/26/simon-explores-flexible-working-in-the-school-context/,live
Working in the Schools,https://www.bonfire.com/org/working-in-the-schools-363891846/,live
World Crisis Intervention,https://archive.org/details/lifedeathaidmede0000unse,live
World Harvest,https://whc.life/church-leadership,live
"World Vision Chicago KIDREACH, New Beginnings Full Gospel Church",https://www.findglocal.com/US/Chicago/146222512078832/New-Beginnings-Full-Gospel-Church,live
"World Vision Chicago KidREACH, Love Outreach AME Church",https://www.mapquest.com/us/illinois/love-outreach-church-7751766,live
World Vision Chicago KidReach,https://www.worldvision.org/,live
"World Vision Chicago KidReach, Mt Carmel CME",,not found
"World Vision Chicago, KidReach",https://www.worldvision.org/,live
"World Vision Kid REACH, St Mary Church of Prayer",,not found
"World Vision, Prevention First",https://www.dol.gov/agencies/osec,live
WorldVision KidREACH Promise Evangelistic Ministry,https://www.eimworldwide.org/,live
"WorldVision KidREACH, God Promise Christian Academy",https://www.pcanyc.org/,live
Worthy Events Com,https://domainbeat.com/nrds/2024-11-07-com-newly-registered-domains-part-36/,live
WorthyOne Promotions,,not found
YEMBA,https://yemba.net/,live
YMCA - North Lawndale,https://www.topsitessearch.com/northlawndale.masterymanager.com/,live
YMCA - South Side,https://www.ymca.org/locations/south-side-ymca,live
YMCA - Urban Programs West,,not found
YMCA - Y Pals Mentoring,,not found
YMCA Greater Roseland,https://www.chicago.gov/content/dam/city/depts/bacp/Small+Business+Center/2014corpworkprogandbudgetnstructions.pdf,unverified
YMCA Lake County,https://www.lakecountyymca.org/,live
YMCA Training Alliance,https://phx-nfp.org/,live
YMCA of Chicago,https://denverymca.org/womens-history-month,live
YMCA of Chicago Training Alliance,https://athletics.houghton.edu/sports/baseball,live
"YMCA of Chicago, Y Pals Mentoring",,not found
YMCA of Chicago/ North Lawndale Crossroads,https://forum.netmarble.com/futurefight_en,live
"YMCA of Chicago/ North Lawndale,  Y Pals Mentoring",https://forum.netmarble.com/futurefight_en,live
"YMCA of Greater Milwaukee, Milwaukee Mentors",,not found
YMCA of Metro Chicago,https://www.ymca.org/locations/ymca-metropolitan-chicago,live
YMCA of Metro Chicago - Greater Roseland,,not found
YMCA of Metro Chicago - New City,https://www.ymca.org/locations/ymca-metropolitan-chicago,live
YMCA of Metro Chicago - PRYDE Tutoring/Mentoring Program,,not found
YMCA of Metro Chicago - Pilsen,https://www.metrobyt-mobile.com/guestpay/landing,live
YMCA of Metro Chicago - South Side,https://www.ymcachicago.org/southside/robots.txt,live
"YMCA of Metro Chicago, Greater Roseland",,not found
"YMCA of Metro Chicago, McDonalds Tutoring North Lawndale YMCA",https://www.ymca.org/locations/ymca-metropolitan-chicago,live
"YMCA of Metro Chicago, New City Project YES",,not found
"YMCA of Metro Chicago, Roseland",,not found
"YMCA of Metro Chicago, Y Pals Mentoring",,not found
"YMCA of Metro Chicago, YMCA Alliance",https://www.milb.com/palm-beach,live
YMCA of Metro Chicago/ New City - PRYDE Tutoring/Mentoring Program,https://www.ymca.org/locations/ymca-metropolitan-chicago,live
YMCA of Metro Milwaukee,https://apps.apple.com/us/app/ymca-of-metro-milwaukee/id6468809973,live
YMCA of Metropolitan Chicago,https://www.ymca.org/locations/ymca-metropolitan-chicago,live
YMCA of Metropolitan Chicago - 111th St.,https://www.ymca.org/locations/ymca-metropolitan-chicago,live
YMCA of Metropolitan Chicago - New City,,not found
YMCA of Metropolitan Chicago - North Lawndale,https://www.ymca.org/locations/north-lawndale-ymca,live
YMCA of Metropolitan Chicago - Pilsen,https://www.milb.com/palm-beach,live
YMCA of Metropolitan Chicago - Roseland,,not found
YMCA of Metropolitan Chicago - South Chicago,https://gist.github.com/hancush/8f8de7e70ab14de44b338d20cad6aebe,live
YMCA of Metropolitan Chicago - South Shore,https://athletics.houghton.edu/sports/baseball,live
YMCA of Metropolitan Chicago - South Side,https://southsidechicagojobs.niceboard.co/company/ymca-of-metropolitan-chicago-south-side-ymca,live
YMCA of Metropolitan Chicago - South Suburban,https://athletics.houghton.edu/sports/baseball,live
YMCA of Metropolitan Chicago - Southwest,,not found
YMCA of Metropolitan Chicago - Urban Programs West,https://forum.netmarble.com/futurefight_en,live
YMCA of Metropolitan Chicago - Y Pals Mentoring,,not found
YMCA of Metropolitan Chicago - YMCA Alliance,,not found
YMCA of Metropolitan Chicago Network - Mentor,,not found
"YMCA of Metropolitan Chicago, Greater Roseland",https://lionking.com/tickets/,live
"YMCA of Metropolitan Chicago, New City",,not found
"YMCA of Metropolitan Chicago, South Side",https://www.ymca.org/locations/south-side-ymca,live
"YMCA of Metropolitan Chicago, Southwest",https://www.dol.gov/agencies/osec,live
"YMCA of Metropolitan Chicago, Urban Programs West",https://lionking.com/tickets/,live
"YMCA of Metropolitan Chicago, Urban Programs West Y Pals Mentoring",,not found
YMCA of Milwauke - Mentor Network,,not found
YMCA of Orange County,https://ymcaoc.org/fullerton/,live
YMEN - Young Mens Educational Network,,not found
YWCA Lake County,https://ywcachicago.org/locations,live
YWCA Metropolitan Chicago,https://ywcachicago.org/,live
YWCA of Greater Pittsburgh,https://ywcapgh.org/about-us,live
YWCA of Metro Chicago,https://www.chicagobusiness.com/nonprofits-philanthropy/ywca-metropolitan-chicago-names-nicole-robinson-new-ceo,live
YWCA of Metropolitan Chicago,https://ywcachicago.org/media-coverage,live
YWCA of Northwest Indiana,https://ywcanwi.org/get-involved/,live
YWCA of St. Louis,https://www.stlamerican.com/business/people-on-the-move/marissa-hardwrict-recognized-at-ywca-leader-luncheon/,live
Young Chicago Authors,https://youngchicagoauthors.org/about,live
Young Mens Education Network (YMEN),,not found
Young Scientist Foundation,https://theyoungscientistfoundation.org/young-scientists/,live
Young Womens Leadership Charter School,https://marcusjnorman.com/young-womens-leadership-charter-school,live
Your Way Outreach Community Services,https://web.archive.org/web/20220118083627/forum.mhut.org/viewtopic.php?p=9000,archived
Youth Alternative After School Program,https://web.archive.org/web/20211021081927/http:/cdc.gov/coronavirus/2019-ncov/community/schools-childcare/k-12-guidance.html,archived
Youth As Possibility Chicago,https://isp111group6.wordpress.com/,live
Youth Build Conservation Corps,https://laborcenter.berkeley.edu/green-collar-jobs-council-prop-39-and-other-energy-efficiency-and-clean-energy-guiding-principles-and-strategies-for-jobs-and-workforce-development/,live
Youth Conservation Corps,https://www.nps.gov/subjects/youthprograms/ycc.htm,live
Youth Covenant Conventions & Crusades Chicago Mentoring Center,https://www.mlb.com/mets/schedule/2026-03,live
Youth Covenant: Chicago Mentoring Center,http://web.archive.org/web/20061212165625/www.nisbco.org/biblio_A-H.htm,archived
Youth Enterprises (Y E S ),https://web.archive.org/web/20141226042522/http:/europa.eu/legislation_summaries/consumers/consumer_information/index_en.htm,archived
Youth Guidance,https://web.archive.org/web/20190802063731/https://star.dk/en/active-labour-market-policy-measures/tackling-youth-unemployment-in-denmark/,archived
Youth In Crisis,https://yicmyouth.wixsite.com/youth-in-crisis-mini/blank-1,live
"Youth In Crisis, Inc.",http://www.hartfordyouthincrisis.com/,live
Youth Network Council,https://www.visualvisitor.com/companies/1477564/youth_network_council,live
Youth Organizations Umbrella,https://better.net/spaces-list/nonprofit/not-for-profit-organizations/youth-peer-services/youth-organizations-umbrella-inc/,live
"Youth Organizations Umbrella, Inc., 21st Century Community Learning Center",,not found
Youth Outreach Services,https://www.yos.org/,live
Youth Outreach Services - Y.O.U.T.H. Volunteer Program,,not found
Youth Outreach Services Prevention,https://www.yos.org/services/prevention/,live
Youth Outreach Services Y O U T H Volunteer Program,https://www.yos.org/get-involved/volunteer/,live
"Youth Outreach Services, Y.O.U.T.H.  Volunteer Program",https://www.yos.org/,live
Youth Place Southwest,https://web.archive.org/web/20110912011402/www.cebuarchdiocese.org/religious/women/active/sierbas-de-nuestra-senora-de-la-paz-snsp/,archived
Youth Quest,https://nlro.com/activities/youth-quest/,live
Youth Service Project,https://www.pinterest.com/ideas/youth-service-project-ideas/896842770725/,live
Youth Services,https://insideoutys.org/,live
Youth Violence Teach Them How,https://web.archive.org/web/20071007144257/www.new-right.org/?p=21,archived
Youth and Family Services Rich Township,https://web.archive.org/web/20150207185816/http:/hiphop.sh/suge,archived
"Youth as Possibility Chicago, Gang Intervention Program",https://www.mlb.com/mets/schedule/2026-03,live
Youth for Understanding USA,https://yfuusa.org/,live
YouthNet Coordinator,https://villagegreennj.com/health/virtual-youthnet-after-school-clubs-are-met-with-great-success/,live
Zion Benton High School,https://www.zb126.org/,live
Zion Elementary Schools,https://www.greatschools.org/illinois/zion/schools/?view=table&gradeLevels=e,live
i c stars,https://biztechmagazine.com/article/2007/03/it-stars-are-born,live
s o s,https://genius.com/Iris-official-sos-resurrection-lyrics,live
v,https://www.realmadrid.com/en-US/football/first-team/players/lucas-vazquez-iglesias,live
